model_a,model_b,num_paired_conditions,mean_difference,ci_95_low,ci_95_high,paired_rank_biserial,paired_rank_biserial_magnitude,cohens_d_paired,cohens_d_magnitude,unpaired_cliffs_delta,unpaired_cliffs_delta_magnitude,practical_importance
allenai/scibert_scivocab_uncased,answerdotai/ModernBERT-base,25,-0.1442,-0.1628,-0.1256,-1.0,large,-3.2058,large,-0.7408,large,Substantial practical advantage
allenai/scibert_scivocab_uncased,bert-base-uncased,25,-0.0349,-0.0597,-0.0102,-0.5754,large,-0.5825,medium,-0.2896,small,No statistically reliable difference
allenai/scibert_scivocab_uncased,dmis-lab/biobert-base-cased-v1.2,25,0.0059,-0.0063,0.0181,0.2677,small,0.2002,small,0.0336,negligible,No statistically reliable difference
allenai/scibert_scivocab_uncased,microsoft/BiomedNLP-PubMedBERT-base-uncased-abstract-fulltext,25,-0.0001,-0.0074,0.0072,-0.0954,negligible,-0.0067,negligible,0.0208,negligible,No statistically reliable difference
allenai/scibert_scivocab_uncased,nlpaueb/legal-bert-base-uncased,25,-0.0674,-0.0812,-0.0537,-1.0,large,-2.0216,large,-0.3856,medium,Substantial practical advantage
allenai/scibert_scivocab_uncased,roberta-base,25,-0.0684,-0.0983,-0.0385,-0.8215,large,-0.945,large,-0.4208,medium,Substantial practical advantage
answerdotai/ModernBERT-base,bert-base-uncased,25,0.1093,0.0908,0.1278,1.0,large,2.4357,large,0.648,large,Substantial practical advantage
answerdotai/ModernBERT-base,dmis-lab/biobert-base-cased-v1.2,25,0.1501,0.1286,0.1716,1.0,large,2.8757,large,0.792,large,Substantial practical advantage
answerdotai/ModernBERT-base,microsoft/BiomedNLP-PubMedBERT-base-uncased-abstract-fulltext,25,0.1441,0.1215,0.1666,1.0,large,2.6368,large,0.7056,large,Substantial practical advantage
answerdotai/ModernBERT-base,nlpaueb/legal-bert-base-uncased,25,0.0768,0.0505,0.1031,0.9138,large,1.2049,large,0.4304,medium,Substantial practical advantage
answerdotai/ModernBERT-base,roberta-base,25,0.0758,0.0569,0.0948,0.9754,large,1.652,large,0.4624,medium,Substantial practical advantage
bert-base-uncased,dmis-lab/biobert-base-cased-v1.2,25,0.0408,0.0159,0.0657,0.6246,large,0.6761,medium,0.2832,small,Substantial practical advantage
bert-base-uncased,microsoft/BiomedNLP-PubMedBERT-base-uncased-abstract-fulltext,25,0.0348,0.0053,0.0643,0.5138,large,0.4869,small,0.2512,small,No statistically reliable difference
bert-base-uncased,nlpaueb/legal-bert-base-uncased,25,-0.0325,-0.0615,-0.0035,-0.4338,medium,-0.4626,small,-0.1008,negligible,No statistically reliable difference
bert-base-uncased,roberta-base,25,-0.0335,-0.048,-0.0189,-0.8215,large,-0.9479,large,-0.2928,small,Substantial practical advantage
dmis-lab/biobert-base-cased-v1.2,microsoft/BiomedNLP-PubMedBERT-base-uncased-abstract-fulltext,25,-0.006,-0.0182,0.0062,-0.2431,small,-0.2034,small,-0.0368,negligible,No statistically reliable difference
dmis-lab/biobert-base-cased-v1.2,nlpaueb/legal-bert-base-uncased,25,-0.0733,-0.0939,-0.0527,-0.9815,large,-1.468,large,-0.4336,medium,Substantial practical advantage
dmis-lab/biobert-base-cased-v1.2,roberta-base,25,-0.0743,-0.1059,-0.0427,-0.8646,large,-0.9706,large,-0.4176,medium,Substantial practical advantage
microsoft/BiomedNLP-PubMedBERT-base-uncased-abstract-fulltext,nlpaueb/legal-bert-base-uncased,25,-0.0673,-0.0821,-0.0525,-1.0,large,-1.8815,large,-0.4208,medium,Substantial practical advantage
microsoft/BiomedNLP-PubMedBERT-base-uncased-abstract-fulltext,roberta-base,25,-0.0683,-0.1028,-0.0337,-0.7169,large,-0.8158,large,-0.3472,medium,Substantial practical advantage
nlpaueb/legal-bert-base-uncased,roberta-base,25,-0.001,-0.0349,0.033,0.0092,negligible,-0.0118,negligible,-0.088,negligible,No statistically reliable difference
