analysis_type,target_name,bootstrap_mean,ci_95_low,ci_95_high,num_resamples,seed,num_matched_conditions
model_mean,allenai/scibert_scivocab_uncased,0.3235,0.2767,0.3677,2000,42,25
model_mean,answerdotai/ModernBERT-base,0.5798,0.5281,0.6342,2000,42,25
model_mean,bert-base-uncased,0.2808,0.2377,0.3194,2000,42,25
model_mean,dmis-lab/biobert-base-cased-v1.2,0.2352,0.1953,0.2741,2000,42,25
model_mean,microsoft/BiomedNLP-PubMedBERT-base-uncased-abstract-fulltext,0.2024,0.1558,0.2486,2000,42,25
model_mean,nlpaueb/legal-bert-base-uncased,0.2794,0.2515,0.3115,2000,42,25
model_mean,roberta-base,0.461,0.4092,0.5101,2000,42,25
paired_difference,allenai/scibert_scivocab_uncased - answerdotai/ModernBERT-base,-0.2563,-0.3192,-0.196,2000,42,25
paired_difference,allenai/scibert_scivocab_uncased - bert-base-uncased,0.0426,0.0169,0.0662,2000,42,25
paired_difference,allenai/scibert_scivocab_uncased - dmis-lab/biobert-base-cased-v1.2,0.0882,0.0765,0.0995,2000,42,25
paired_difference,allenai/scibert_scivocab_uncased - microsoft/BiomedNLP-PubMedBERT-base-uncased-abstract-fulltext,0.1211,0.1101,0.1325,2000,42,25
paired_difference,allenai/scibert_scivocab_uncased - nlpaueb/legal-bert-base-uncased,0.0441,0.0054,0.0788,2000,42,25
paired_difference,allenai/scibert_scivocab_uncased - roberta-base,-0.1375,-0.1697,-0.1058,2000,42,25
paired_difference,answerdotai/ModernBERT-base - bert-base-uncased,0.2989,0.2333,0.3678,2000,42,25
paired_difference,answerdotai/ModernBERT-base - dmis-lab/biobert-base-cased-v1.2,0.3445,0.2869,0.4065,2000,42,25
paired_difference,answerdotai/ModernBERT-base - microsoft/BiomedNLP-PubMedBERT-base-uncased-abstract-fulltext,0.3774,0.3172,0.4386,2000,42,25
paired_difference,answerdotai/ModernBERT-base - nlpaueb/legal-bert-base-uncased,0.3004,0.2573,0.3488,2000,42,25
paired_difference,answerdotai/ModernBERT-base - roberta-base,0.1188,0.071,0.1741,2000,42,25
paired_difference,bert-base-uncased - dmis-lab/biobert-base-cased-v1.2,0.0456,0.0261,0.0676,2000,42,25
paired_difference,bert-base-uncased - microsoft/BiomedNLP-PubMedBERT-base-uncased-abstract-fulltext,0.0785,0.0497,0.1092,2000,42,25
paired_difference,bert-base-uncased - nlpaueb/legal-bert-base-uncased,0.0015,-0.041,0.0411,2000,42,25
paired_difference,bert-base-uncased - roberta-base,-0.1801,-0.2183,-0.1468,2000,42,25
paired_difference,dmis-lab/biobert-base-cased-v1.2 - microsoft/BiomedNLP-PubMedBERT-base-uncased-abstract-fulltext,0.0329,0.0208,0.0453,2000,42,25
paired_difference,dmis-lab/biobert-base-cased-v1.2 - nlpaueb/legal-bert-base-uncased,-0.0441,-0.0765,-0.0162,2000,42,25
paired_difference,dmis-lab/biobert-base-cased-v1.2 - roberta-base,-0.2257,-0.2613,-0.1931,2000,42,25
paired_difference,microsoft/BiomedNLP-PubMedBERT-base-uncased-abstract-fulltext - nlpaueb/legal-bert-base-uncased,-0.077,-0.1111,-0.0462,2000,42,25
paired_difference,microsoft/BiomedNLP-PubMedBERT-base-uncased-abstract-fulltext - roberta-base,-0.2586,-0.2962,-0.2212,2000,42,25
paired_difference,nlpaueb/legal-bert-base-uncased - roberta-base,-0.1816,-0.2296,-0.1312,2000,42,25
