condition_type,condition_name,winning_model,winner_top1_acc,spearman_rho_vs_global,kendall_tau_vs_global,ranking_stability_assessment,num_models
representation,json,answerdotai/ModernBERT-base,0.1353,0.6071,0.5238,Low ranking stability / rank shift,7
representation,key_value,answerdotai/ModernBERT-base,0.2991,1.0,1.0,High ranking stability,7
representation,mixed,nlpaueb/legal-bert-base-uncased,0.369,0.4286,0.3333,Low ranking stability / rank shift,7
representation,narrative,answerdotai/ModernBERT-base,0.2864,0.9643,0.9048,High ranking stability,7
representation,template,answerdotai/ModernBERT-base,0.3404,0.8214,0.619,Moderate ranking stability,7
subset,balanced_knowledge,answerdotai/ModernBERT-base,0.2743,0.9643,0.9048,High ranking stability,7
subset,high_knowledge,answerdotai/ModernBERT-base,0.2708,0.8571,0.7143,Moderate ranking stability,7
subset,low_knowledge,answerdotai/ModernBERT-base,0.2777,0.9643,0.9048,High ranking stability,7
subset,medium_knowledge,answerdotai/ModernBERT-base,0.3126,0.9286,0.8095,High ranking stability,7
subset,random_baseline,answerdotai/ModernBERT-base,0.2942,1.0,1.0,High ranking stability,7
