representation,subset,seed,masked_word_count,masked_token_count,maritime_target_count,general_target_count,modernbert_overall_word_top1_acc,maritimebert_overall_word_top1_acc,gain_overall_word_top1_acc,rel_gain_overall_word_top1_acc,modernbert_overall_word_top5_acc,maritimebert_overall_word_top5_acc,gain_overall_word_top5_acc,rel_gain_overall_word_top5_acc,modernbert_overall_word_top10_acc,maritimebert_overall_word_top10_acc,gain_overall_word_top10_acc,rel_gain_overall_word_top10_acc,modernbert_maritime_word_top1_acc,maritimebert_maritime_word_top1_acc,gain_maritime_word_top1_acc,rel_gain_maritime_word_top1_acc,modernbert_maritime_word_top5_acc,maritimebert_maritime_word_top5_acc,gain_maritime_word_top5_acc,rel_gain_maritime_word_top5_acc,modernbert_maritime_word_top10_acc,maritimebert_maritime_word_top10_acc,gain_maritime_word_top10_acc,rel_gain_maritime_word_top10_acc,modernbert_rare_maritime_word_top1_acc,maritimebert_rare_maritime_word_top1_acc,gain_rare_maritime_word_top1_acc,rel_gain_rare_maritime_word_top1_acc,modernbert_overall_mlm_loss,maritimebert_overall_mlm_loss,gain_overall_mlm_loss,rel_gain_overall_mlm_loss,modernbert_maritime_target_mlm_loss,maritimebert_maritime_target_mlm_loss,gain_maritime_target_mlm_loss,rel_gain_maritime_target_mlm_loss,modernbert_secondary_subword_top1_acc,maritimebert_secondary_subword_top1_acc,gain_secondary_subword_top1_acc,rel_gain_secondary_subword_top1_acc
json,balanced_knowledge,61623,4929,7674,1183,6491,0.6624061675796308,0.6488131466828971,-0.013593020896733643,-2.0520673813170025,0.7332116047879894,0.7279367011564212,-0.00527490363156824,-0.7194244604316506,0.7549198620409819,0.754514100223169,-0.00040576181781293297,-0.053748992206394695,0.1504424778761062,0.0943952802359882,-0.05604719764011801,-37.25490196078432,0.2182890855457227,0.1504424778761062,-0.0678466076696165,-31.081081081081074,0.2359882005899705,0.17699115044247787,-0.058997050147492625,-25.0,0.0,0.0,0.0,0.0,2.8733314922077984,2.8198179117511253,0.05351358045667309,1.862422786991227,5.679221571721089,5.5220982845279645,0.15712328719312474,2.7666342157787747,0.5774042220484754,0.5690643732082356,-0.00833984884023986,-1.4443692168810807
json,high_knowledge,931099,4965,7668,1410,6258,0.6668680765357502,0.6553877139979859,-0.0114803625377643,-1.721534279673807,0.7343403826787512,0.7297079556898288,-0.004632426988922411,-0.6308283049917656,0.756294058408862,0.7613293051359517,0.0050352467270896595,0.6657789613848245,0.11609498680738786,0.08970976253298153,-0.02638522427440633,-22.727272727272723,0.15567282321899736,0.1424802110817942,-0.013192612137203158,-8.474576271186434,0.18469656992084432,0.16094986807387862,-0.0237467018469657,-12.85714285714286,0.0,0.0,0.0,0.0,2.938177471763346,2.8947410178043635,0.04343645395898266,1.4783468451588897,6.1281842879179855,5.836257765205504,0.29192652271248143,4.763670754615341,0.5735524256651017,0.5672926447574335,-0.006259780907668211,-1.0914051841746213
json,low_knowledge,860873,4944,7676,1270,6406,0.6628236245954693,0.6508899676375405,-0.011933656957928807,-1.80042722001831,0.7311893203883495,0.7334142394822006,0.002224919093851141,0.3042876901798075,0.7546521035598706,0.7619336569579288,0.007281553398058249,0.964888769766818,0.13128491620111732,0.10893854748603352,-0.022346368715083803,-17.021276595744684,0.2011173184357542,0.19273743016759776,-0.008379888268156443,-4.166666666666676,0.23184357541899442,0.20949720670391062,-0.022346368715083803,-9.638554216867472,0.0,0.0,0.0,0.0,2.8627303851103334,2.7745138000634895,0.08821658504684393,3.0815540822732403,5.8420704155934855,5.570529490021079,0.27154092557240617,4.648025550113483,0.5752996352266806,0.5694372068785826,-0.0058624283480980255,-1.0190217391304448
json,medium_knowledge,216289,4872,7677,1278,6399,0.6633825944170771,0.6457307060755336,-0.01765188834154352,-2.6608910891089117,0.7337848932676518,0.7294745484400657,-0.004310344827586188,-0.5874125874125848,0.7614942528735632,0.7580049261083743,-0.0034893267651888715,-0.45822102425876504,0.14763231197771587,0.10863509749303621,-0.03899721448467966,-26.41509433962264,0.21727019498607242,0.19498607242339833,-0.02228412256267409,-10.256410256410255,0.2646239554317549,0.22284122562674094,-0.041782729805013935,-15.789473684210527,0.0,0.0,0.0,0.0,2.881964503974782,2.827918951401467,0.054045552573315,1.8753025062861053,5.835533019606851,5.580820421244459,0.25471259836239213,4.36485574679436,0.5747036602839651,0.5644131822326429,-0.010290478051322216,-1.7905711695376394
json,random_baseline,207943,4951,7694,1277,6417,0.6669359725308018,0.6552211674409211,-0.011714805089880764,-1.7565112053300926,0.7348010502928701,0.7400525146435064,0.005251464350636281,0.7146783947223811,0.7606544132498485,0.7646940012118764,0.004039587962027857,0.5310674455655848,0.13128491620111732,0.12569832402234637,-0.005586592178770944,-4.255319148936166,0.18156424581005587,0.17597765363128492,-0.005586592178770944,-3.0769230769230735,0.2206703910614525,0.18435754189944134,-0.03631284916201116,-16.45569620253164,0.0,0.0,0.0,0.0,2.8867337238977173,2.783634536271676,0.1030991876260412,3.571482425709667,6.050046498212816,5.738869521477094,0.3111769767357222,5.14338157281343,0.579542500649857,0.5742136729919418,-0.005328827657915203,-0.9194886745907058
key_value,balanced_knowledge,389323,3802,5514,700,4814,0.44792214623882165,0.4765912677538138,0.028669121514992124,6.40046975924839,0.5670699631772751,0.6102051551814834,0.043135192004208345,7.60667903525047,0.6120462914255655,0.6512361914781694,0.03918990005260381,6.4030941125913055,0.27323943661971833,0.28732394366197184,0.014084507042253502,5.154639175257724,0.43661971830985913,0.428169014084507,-0.008450704225352101,-1.9354838709677396,0.49859154929577465,0.5183098591549296,0.019718309859154903,3.9548022598870003,0.17142857142857143,0.14285714285714285,-0.02857142857142858,-16.66666666666667,3.9499610593278236,3.6870384641004925,0.2629225952273311,6.656333854391805,3.7914228239621144,3.5643089568557733,0.22711386710634107,5.990201506172356,0.3701487123685165,0.4046064562930722,0.034457743924555695,9.30916217540422
key_value,high_knowledge,493205,4049,5830,882,4948,0.4625833539145468,0.49444307236354657,0.03185971844899976,6.8873465029364676,0.5764386268214374,0.6208940479130649,0.04445542109162748,7.712082262210782,0.6236107680908867,0.6576932575944677,0.03408248950358106,5.465346534653453,0.29906542056074764,0.28738317757009346,-0.01168224299065418,-3.9062499999999916,0.4532710280373832,0.40186915887850466,-0.05140186915887851,-11.34020618556701,0.5210280373831776,0.4929906542056075,-0.028037383177570097,-5.381165919282512,0.16129032258064516,0.06451612903225806,-0.0967741935483871,-60.0,3.820087110385767,3.5880044585813415,0.23208265180442567,6.075323548865069,4.011478852448784,3.9309243053527525,0.08055454709603138,2.008101003620082,0.38542024013722126,0.4269296740994854,0.04150943396226414,10.769915442812637
key_value,low_knowledge,382265,3287,4885,578,4307,0.4155765135381807,0.4435655613020992,0.027989047763918473,6.734992679355785,0.5378764831153027,0.5625190142987526,0.024642531183449945,4.581447963800903,0.5874657742622452,0.6020687557042896,0.014602981442044416,2.48575867426204,0.24468085106382978,0.22340425531914893,-0.021276595744680854,-8.695652173913045,0.48226950354609927,0.38652482269503546,-0.0957446808510638,-19.852941176470583,0.5354609929078015,0.46808510638297873,-0.06737588652482274,-12.582781456953649,0.0,0.0,0.0,0.0,4.161687110355643,3.9298927927182743,0.23179431763736913,5.5697199594988485,3.5931720947401273,3.914425498467671,-0.32125340372754385,-8.940662881074116,0.3435005117707267,0.3735926305015353,0.03009211873080858,8.760429082240757
key_value,medium_knowledge,595483,4021,5745,738,5007,0.4904252673464312,0.5123103705545884,0.021885103208157175,4.462474645030426,0.6043272817707038,0.6316836607809003,0.027356379010196497,4.52674897119342,0.6490922656055708,0.6702312857498135,0.021139020144242737,3.2567049808429136,0.3720316622691293,0.36675461741424803,-0.005277044854881285,-1.4184397163120617,0.58311345646438,0.48812664907651715,-0.0949868073878628,-16.289592760180994,0.6358839050131926,0.5620052770448549,-0.07387862796833766,-11.618257261410777,0.25,0.25,0.0,0.0,3.587674622298506,3.3438470179297837,0.2438276043687222,6.796257465859873,3.0767454283535813,3.308116105313429,-0.2313706769598478,-7.519981173211922,0.4228024369016536,0.4475195822454308,0.024717145343777225,5.846027171675593
key_value,random_baseline,598149,3662,5318,678,4640,0.4451119606772256,0.4661387220098307,0.021026761332605115,4.723926380368094,0.5660841070453304,0.5999453850354998,0.03386127799016936,5.981669078630015,0.615783724740579,0.64199890770071,0.026215182960131034,4.257206208425714,0.3063063063063063,0.29429429429429427,-0.012012012012012019,-3.9215686274509833,0.5135135135135135,0.43243243243243246,-0.08108108108108103,-15.789473684210517,0.5675675675675675,0.5315315315315315,-0.036036036036036,-6.3492063492063435,0.3333333333333333,0.16666666666666666,-0.16666666666666666,-50.0,3.8882107289600736,3.612571132223934,0.2756395967361396,7.089111572146223,3.433059349472634,3.5433542178048922,-0.11029486833225821,-3.2127282725013493,0.3758931929296728,0.4110567882662655,0.03516359533659269,9.35467733866933
mixed,balanced_knowledge,165303,4980,7040,923,6117,0.5387550200803213,0.591566265060241,0.052811244979919736,9.802459932910931,0.6636546184738956,0.7002008032128514,0.03654618473895577,5.506807866868373,0.7042168674698795,0.7301204819277108,0.025903614457831292,3.6783575705731346,0.35714285714285715,0.49034749034749037,0.13320463320463322,37.2972972972973,0.5347490347490348,0.6447876447876448,0.11003861003861004,20.577617328519853,0.5888030888030888,0.7065637065637066,0.11776061776061775,19.999999999999996,0.2,0.14285714285714285,-0.05714285714285716,-28.57142857142858,3.2282509570967375,2.957295142394694,0.27095581470204344,8.393269863558627,3.4664666567507205,2.5420322084936178,0.9244344482571027,26.667916925057572,0.4778409090909091,0.5230113636363637,0.0451704545454546,9.453032104637348
mixed,high_knowledge,930472,5191,7386,1059,6327,0.5465228279714891,0.6097091119244847,0.06318628395299564,11.561508635882987,0.6663455981506453,0.7091119244846851,0.04276632633403976,6.41803989592369,0.7093045655942978,0.7362743209400886,0.026969755345790825,3.8022813688212977,0.3589315525876461,0.5258764607679466,0.1669449081803005,46.51162790697674,0.5375626043405676,0.6293823038397329,0.09181969949916535,17.08074534161492,0.6260434056761269,0.6928213689482471,0.06677796327212016,10.666666666666659,0.08108108108108109,0.13513513513513514,0.05405405405405406,66.66666666666666,3.2160641126079845,2.9756069114511408,0.24045720115684377,7.476753968124447,3.3838662744722154,2.5953797401171705,0.7884865343550449,23.301350301676027,0.48564852423503924,0.5362848632548064,0.05063633901976716,10.426540284360197
mixed,low_knowledge,874689,4325,6399,816,5583,0.5290173410404624,0.5771098265895954,0.048092485549133035,9.090909090909108,0.6557225433526012,0.6878612716763006,0.03213872832369946,4.901269393511995,0.7001156069364162,0.7230057803468208,0.02289017341040467,3.2694848084544317,0.37199124726477023,0.47702407002188185,0.10503282275711162,28.235294117647065,0.5142231947483589,0.6433260393873085,0.1291028446389496,25.106382978723392,0.5864332603938731,0.7111597374179431,0.12472647702407003,21.26865671641791,0.14285714285714285,0.14285714285714285,0.0,0.0,3.2318374181248366,2.968394717994803,0.26344270013003346,8.151483693226346,3.3366340793375047,2.620676823545877,0.7159572557916278,21.457469976263702,0.4767932489451477,0.5194561650257853,0.0426629160806376,8.947885939036382
mixed,medium_knowledge,670163,4868,6990,878,6112,0.5480690221857025,0.592645850451931,0.04457682826622844,8.133433283358322,0.6741988496302382,0.7011092851273624,0.02691043549712413,3.9914686166971443,0.7138455217748562,0.7364420706655711,0.02259654889071494,3.16546762589929,0.39173228346456695,0.5334645669291339,0.14173228346456695,36.18090452261307,0.6181102362204725,0.6889763779527559,0.07086614173228345,11.46496815286624,0.6771653543307087,0.7559055118110236,0.07874015748031493,11.627906976744182,0.1875,0.1875,0.0,0.0,3.1489368515517073,2.8997246976319317,0.24921215391977558,7.914168040460096,2.8434040066092976,2.327023395105222,0.5163806115040757,18.160648655758532,0.4842632331902718,0.5256080114449213,0.041344778254649495,8.537666174298373
mixed,random_baseline,620900,4691,6832,890,5942,0.5222767000639522,0.5759965892133874,0.05371988914943515,10.285714285714299,0.6525261138350033,0.6887657215945427,0.036239607759539494,5.553740607644553,0.6938819015135366,0.7211681944148369,0.027286292901300357,3.9324116743471573,0.3627254509018036,0.5350701402805611,0.17234468937875752,47.51381215469614,0.5711422845691383,0.6833667334669339,0.11222444889779559,19.649122807017545,0.625250501002004,0.7474949899799599,0.12224448897795592,19.551282051282055,0.25,0.08333333333333333,-0.16666666666666669,-66.66666666666667,3.2500363919645787,3.0157967900566103,0.23423960190796844,7.207291662551986,3.1598235109972745,2.512237378128309,0.6475861328689656,20.49437668322749,0.4721896955503513,0.5190281030444965,0.04683840749414525,9.91940483570987
narrative,balanced_knowledge,347897,1618,2018,565,1453,0.40482076637824477,0.8380716934487021,0.43325092707045737,107.02290076335879,0.5618046971569839,0.8850432632880099,0.323238566131026,57.53575357535754,0.6211372064276885,0.8986402966625463,0.27750309023485775,44.67661691542287,0.30205949656750575,0.897025171624714,0.5949656750572082,196.96969696969694,0.4874141876430206,0.954233409610984,0.46681922196796344,95.77464788732397,0.5720823798627003,0.9588100686498856,0.38672768878718533,67.6,0.0,0.6296296296296297,0.6296296296296297,0.0,4.227589567395452,1.322807307797221,2.9047822595982313,68.710129337078,4.494623966159018,0.8159080309655182,3.6787159351935,81.84702353058533,0.3290386521308226,0.7561942517343905,0.42715559960356786,129.81927710843374
narrative,high_knowledge,402791,1915,2349,659,1690,0.4031331592689295,0.8537859007832899,0.45065274151436036,111.7875647668394,0.5587467362924282,0.8981723237597912,0.33942558746736295,60.74766355140188,0.6172323759791123,0.9080939947780678,0.29086161879895556,47.12351945854483,0.29239766081871343,0.8596491228070176,0.5672514619883041,194.00000000000003,0.4697855750487329,0.9278752436647173,0.4580896686159844,97.5103734439834,0.5633528265107213,0.935672514619883,0.3723196881091617,66.08996539792386,0.0,0.5238095238095238,0.5238095238095238,0.0,4.1227922829992485,1.2542715748427495,2.868520708156499,69.57713392414007,4.490583518469121,1.1006454862205046,3.389938032248616,75.48992281974695,0.3341847594721158,0.7777777777777778,0.443593018305662,132.7388535031847
narrative,low_knowledge,777632,1027,1356,263,1093,0.35832521908471276,0.744888023369036,0.38656280428432327,107.88043478260869,0.5355404089581305,0.7994157740993184,0.2638753651411879,49.27272727272727,0.5822784810126582,0.8198636806231743,0.23758519961051605,40.802675585284284,0.2863849765258216,0.8967136150234741,0.6103286384976525,213.11475409836063,0.49295774647887325,0.9295774647887324,0.43661971830985913,88.57142857142857,0.5492957746478874,0.9389671361502347,0.3896713615023474,70.94017094017093,0.0,0.5454545454545454,0.5454545454545454,0.0,4.395770744029103,2.1378008719697457,2.2579698720593573,51.3668706478021,4.480722217285871,0.9590828256484795,3.521639391637392,78.59535183974361,0.27654867256637167,0.6209439528023599,0.34439528023598825,124.53333333333336
narrative,medium_knowledge,817467,1341,1630,360,1270,0.37360178970917224,0.825503355704698,0.4519015659955258,120.95808383233535,0.5548098434004475,0.8732289336316182,0.31841909023117076,57.39247311827956,0.6114839671886652,0.8873974645786726,0.2759134973900075,45.121951219512205,0.2247557003257329,0.9087947882736156,0.6840390879478827,304.34782608695656,0.40716612377850164,0.9446254071661238,0.5374592833876222,132.0,0.498371335504886,0.9609120521172638,0.46254071661237783,92.81045751633987,0.0,0.25,0.25,0.0,4.210455264067338,1.4567200608546167,2.7537352032127216,65.40231472623671,4.63864878053363,0.7142138968739826,3.924434883659647,84.60297533473057,0.3147239263803681,0.7423312883435583,0.4276073619631902,135.86744639376218
narrative,random_baseline,220212,1395,1729,409,1320,0.38064516129032255,0.8043010752688172,0.42365591397849467,111.29943502824861,0.5491039426523298,0.8637992831541219,0.31469534050179215,57.310704960835515,0.5971326164874552,0.8774193548387097,0.2802867383512545,46.93877551020408,0.3263473053892216,0.9161676646706587,0.5898203592814371,180.7339449541284,0.5179640718562875,0.9760479041916168,0.45808383233532934,88.4393063583815,0.5658682634730539,0.9760479041916168,0.41017964071856294,72.4867724867725,0.0,0.75,0.75,0.0,4.286841852367744,1.557420924717746,2.7294209276499983,63.66973687500186,4.313374855576088,0.5504885088891891,3.7628863466868987,87.23763810656176,0.313475997686524,0.7206477732793523,0.40717177559282824,129.88929889298893
template,balanced_knowledge,189231,2276,3161,332,2829,0.3308435852372584,0.3914762741652021,0.06063268892794371,18.326693227091617,0.46748681898066785,0.5320738137082601,0.06458699472759227,13.815789473684212,0.5153778558875219,0.5773286467486819,0.061950790861159954,12.02046035805627,0.28859060402684567,0.31543624161073824,0.02684563758389258,9.302325581395335,0.4899328859060403,0.5570469798657718,0.0671140939597315,13.698630136986292,0.5704697986577181,0.6442953020134228,0.0738255033557047,12.941176470588237,0.0,0.0,0.0,0.0,4.8457736390505195,4.271409070537397,0.5743645685131229,11.852897210973804,4.162158965768594,4.172163427882282,-0.010004462113688106,-0.24036713148078093,0.26257513445112307,0.32426447326795316,0.061689338816830086,23.493975903614444
template,high_knowledge,403581,2238,3121,331,2790,0.3668453976764969,0.4119749776586238,0.04512957998212691,12.302070645554206,0.4932975871313673,0.5598748882931188,0.06657730116175153,13.496376811594196,0.5370866845397676,0.610366398570152,0.07327971403038436,13.643926788685542,0.28771929824561404,0.2771929824561403,-0.010526315789473717,-3.6585365853658653,0.512280701754386,0.6,0.08771929824561397,17.123287671232866,0.5684210526315789,0.6947368421052632,0.12631578947368427,22.222222222222232,0.0,0.0,0.0,0.0,4.726381568235554,4.081537987089349,0.6448435811462048,13.643493904089018,4.239225634072486,3.896839493438566,0.34238614063392037,8.076619887415644,0.2858058314642743,0.3431592438321051,0.057353412367830814,20.067264573991025
template,low_knowledge,468025,2203,3136,363,2773,0.32546527462551067,0.3753971856559237,0.049931911030413056,15.341701534170149,0.4584657285519746,0.5320018157058557,0.0735360871538811,16.039603960396047,0.5011348161597822,0.578302315024966,0.07716749886518381,15.398550724637674,0.3542319749216301,0.4012539184952978,0.04702194357366768,13.27433628318583,0.554858934169279,0.670846394984326,0.11598746081504696,20.903954802259875,0.6144200626959248,0.7398119122257053,0.12539184952978055,20.40816326530612,0.0,0.0,0.0,0.0,5.0224006153990395,4.327596482449027,0.6948041329500123,13.834104169621458,3.9477473851006297,3.4898873890253475,0.45785999607528227,11.598006442948002,0.2538265306122449,0.3179209183673469,0.06409438775510201,25.25125628140702
template,medium_knowledge,579316,2616,3543,332,3211,0.4029051987767584,0.42813455657492355,0.025229357798165153,6.261859582542699,0.5378440366972477,0.5707186544342507,0.032874617737003065,6.112295664534472,0.5875382262996942,0.6337920489296636,0.046253822629969354,7.872478854912155,0.4267515923566879,0.42356687898089174,-0.0031847133757961776,-0.7462686567164177,0.6815286624203821,0.7197452229299363,0.03821656050955413,5.6074766355140175,0.7420382165605095,0.821656050955414,0.07961783439490455,10.729613733905593,0.0,0.0,0.0,0.0,4.2563532057121725,3.754369785771042,0.5019834199411304,11.79374444929644,2.7148775662207334,2.6715695324315534,0.04330803378918002,1.5952113026395998,0.33784928027095684,0.37708156929156084,0.039232289020603994,11.612364243943187
template,random_baseline,311949,2362,3213,335,2878,0.3628281117696867,0.40093141405588484,0.038103302286198126,10.501750291715283,0.4966130397967824,0.5533446232006773,0.05673158340389495,11.423699914748497,0.541913632514818,0.6083827265029635,0.0664690939881456,12.265624999999993,0.34448160535117056,0.36789297658862874,0.02341137123745818,6.796116504854364,0.6020066889632107,0.6722408026755853,0.07023411371237454,11.666666666666659,0.6622073578595318,0.7625418060200669,0.10033444816053516,15.151515151515158,0.0,0.0,0.0,0.0,4.671961914040759,4.032113856930835,0.6398480571099245,13.695489579805303,3.7421367690334644,3.265893976895586,0.47624279213787846,12.726493485722717,0.2913165266106443,0.34547152194211017,0.054154995331465894,18.58974358974358