model_name,representation,subset,domain_shift_gap,mlm_loss,mlm_loss_derived_exponential,top1_acc,top5_acc,top10_acc,rare_top1_acc,performance_gap,nav_acc,weather_acc,safety_acc,machinery_acc,vessel_acc,casualty_acc,eval_time_sec,evaluated_doc_count
allenai/scibert_scivocab_uncased,json,balanced_knowledge,0.2293389942171144,5.88368994903379,359.1319784893953,0.13908205841446453,0.3282336578581363,0.3949930458970793,0.2391304347826087,0.6020892829603356,0.1855,0.0227,0.0,0.1667,0.1552,0.1724,6.901857137680054,200.0
allenai/scibert_scivocab_uncased,json,high_knowledge,0.24195429904618126,5.866466142318541,352.99932414163817,0.12646675358539766,0.3363754889178618,0.409387222946545,0.20192307692307693,0.6093740191352228,0.186,0.0638,0.0294,0.0,0.1346,0.2069,7.7738964557647705,200.0
allenai/scibert_scivocab_uncased,json,low_knowledge,0.22726010276350506,5.790910406577546,327.3108747462017,0.14116094986807387,0.32849604221635886,0.41424802110817943,0.17647058823529413,0.5907887724353462,0.128,0.0204,0.0,0.0,0.1741,0.1818,7.041593313217163,200.0
allenai/scibert_scivocab_uncased,json,medium_knowledge,0.20070352425831284,5.874680584844749,355.9109591584777,0.1677175283732661,0.31021437578814626,0.38461538461538464,0.22857142857142856,0.5574183611522223,0.17,0.0545,0.0189,0.0,0.2006,0.1467,7.902713060379028,200.0
allenai/scibert_scivocab_uncased,json,random_baseline,0.23636977058029687,6.058797845504402,427.86077281689046,0.13205128205128205,0.2923076923076923,0.36025641025641025,0.1827956989247312,0.600206782464847,0.1241,0.0682,0.0,0.1818,0.1567,0.15,7.576138019561768,200.0
allenai/scibert_scivocab_uncased,key_value,balanced_knowledge,0.048455182324411705,4.1749273635815625,65.03511557158079,0.3199658703071672,0.4658703071672355,0.5452218430034129,0.7029702970297029,0.10670523045771474,0.6117,0.0641,0.1667,0.25,0.2553,0.2609,4.783193588256836,200.0
allenai/scibert_scivocab_uncased,key_value,high_knowledge,-0.04875219964805633,3.4946570746688868,32.938990401817,0.41717325227963525,0.5547112462006079,0.6193009118541033,0.6326530612244898,0.05118117810011158,0.6376,0.0641,0.2857,0.3077,0.3702,0.2456,4.918399810791016,200.0
allenai/scibert_scivocab_uncased,key_value,low_knowledge,0.07975002866643732,4.355989410009846,77.94390567899424,0.2886710239651416,0.4477124183006536,0.5348583877995643,0.625,0.11310807166124831,0.6071,0.098,0.2,0.1667,0.2572,0.2759,4.074968099594116,200.0
allenai/scibert_scivocab_uncased,key_value,medium_knowledge,-0.022231504687645065,3.592814358324327,36.3361952324399,0.390652557319224,0.5502645502645502,0.6234567901234568,0.6629213483146067,0.06593806372006628,0.6693,0.122,0.0909,0.2308,0.3724,0.1667,5.078896522521973,200.0
allenai/scibert_scivocab_uncased,key_value,random_baseline,0.026913332377264676,3.905279237669496,49.66394602066191,0.34150772025431425,0.49591280653950953,0.584014532243415,0.691358024691358,0.07093311815001302,0.6032,0.1176,0.4,0.2778,0.3281,0.2273,4.230745792388916,200.0
allenai/scibert_scivocab_uncased,mixed,balanced_knowledge,-0.09766590389016022,3.2830439904680606,26.656792347611603,0.46608695652173915,0.5901449275362319,0.6602898550724637,0.6890243902439024,0.07859590129481353,0.742,0.2057,0.3333,0.3333,0.4061,0.425,6.577381610870361,200.0
allenai/scibert_scivocab_uncased,mixed,high_knowledge,-0.14487039251100203,2.964889794112656,19.39256594876413,0.513291445142581,0.6331561140647656,0.6979217013049782,0.6524064171122995,0.06989594540032618,0.7308,0.2874,0.1818,0.7059,0.4515,0.3636,6.266737461090088,200.0
allenai/scibert_scivocab_uncased,mixed,low_knowledge,-0.07552846481459774,3.4129657998267504,30.35513815333672,0.44394951744617667,0.5657015590200446,0.6369710467706013,0.7142857142857143,0.1053423459251091,0.7532,0.2449,0.3,0.3077,0.4207,0.24,6.041108846664429,200.0
allenai/scibert_scivocab_uncased,mixed,medium_knowledge,-0.10726473290458066,3.1037162727744256,22.28059839793359,0.4756857855361596,0.6109725685785536,0.6776807980049875,0.8066666666666666,0.0742044315899687,0.7795,0.2615,0.4118,0.5,0.4625,0.5088,5.972184419631958,200.0
allenai/scibert_scivocab_uncased,mixed,random_baseline,-0.08740716822731676,3.2128722991738727,24.850361486415387,0.4558282208588957,0.5901840490797546,0.658282208588957,0.8031496062992126,0.09110544622495914,0.7251,0.2,0.3636,0.2174,0.4334,0.32,6.30815052986145,200.0
allenai/scibert_scivocab_uncased,narrative,balanced_knowledge,0.051754385964912275,4.0411480254728245,56.89161835636552,0.31666666666666665,0.5106060606060606,0.5681818181818182,0.2413793103448276,0.06331636980491945,0.3689,0.5077,0.0,0.1667,0.2776,0.381,2.6357953548431396,200.0
allenai/scibert_scivocab_uncased,narrative,high_knowledge,0.04221182878455981,3.84603070097663,46.80690341798959,0.3262092238470191,0.5489313835770528,0.6231721034870641,0.24271844660194175,0.054274891130287994,0.3705,0.4271,0.0,0.5,0.3088,0.6176,2.740175724029541,200.0
allenai/scibert_scivocab_uncased,narrative,low_knowledge,0.052358876465775805,4.107543830491103,60.797205788563446,0.3160621761658031,0.5181347150259067,0.5803108808290155,0.4,0.03474930947714322,0.3925,0.4545,0.3333,0.0,0.3082,0.3,1.9058787822723389,200.0
allenai/scibert_scivocab_uncased,narrative,medium_knowledge,0.08477716029203441,4.669332866610028,106.62658454438022,0.2836438923395445,0.4389233954451346,0.4886128364389234,0.6470588235294118,0.10748097866148748,0.5281,0.2727,0.4,0.0909,0.273,0.3889,1.934166431427002,200.0
allenai/scibert_scivocab_uncased,narrative,random_baseline,0.07023923444976077,4.282048097052188,72.38854705658657,0.29818181818181816,0.48363636363636364,0.5436363636363636,0.47540983606557374,0.08440927493559075,0.4467,0.3269,0.6667,0.1,0.2832,0.25,2.309757947921753,200.0
allenai/scibert_scivocab_uncased,template,balanced_knowledge,0.05955255110252694,4.099282886551354,60.297032276970384,0.308868501529052,0.5107033639143731,0.5749235474006116,0.41304347826086957,0.05040385824861349,0.4561,0.2703,0.2727,0.6,0.3274,0.2281,2.7901504039764404,200.0
allenai/scibert_scivocab_uncased,template,high_knowledge,0.04933708316593005,4.195071201233288,66.35845621301438,0.3190839694656489,0.48244274809160304,0.566412213740458,0.4418604651162791,0.06553141514973576,0.4107,0.1724,0.3846,0.375,0.3339,0.2258,2.522503137588501,200.0
allenai/scibert_scivocab_uncased,template,low_knowledge,0.02482299752623046,3.778344095044964,43.74354657406782,0.34359805510534847,0.5478119935170178,0.6175040518638574,0.5,0.022955177758044842,0.4478,0.303,0.2857,0.0,0.3504,0.0,2.40360951423645,200.0
allenai/scibert_scivocab_uncased,template,medium_knowledge,0.0001490979573579576,3.6932383608538615,40.17473682368871,0.36827195467422097,0.5481586402266289,0.6331444759206799,0.525,0.0073649142465757045,0.5,0.4474,0.2222,0.4286,0.3706,0.2368,2.824010133743286,200.0
allenai/scibert_scivocab_uncased,template,random_baseline,0.037961282516636385,4.086362651082819,59.52299158358983,0.33045977011494254,0.5043103448275862,0.5718390804597702,0.4,0.014831709705685259,0.3696,0.2619,0.1429,0.0714,0.3414,0.3243,2.7631664276123047,200.0
answerdotai/ModernBERT-base,json,balanced_knowledge,-0.14753593429158113,2.3385216167211693,10.365900455299549,0.5975359342915811,0.7207392197125256,0.7659137577002053,0.7692307692307693,0.1278963727518605,0.7692,0.0,0.6949,0.0,0.5797,0.697,9.535732984542847,200.0
answerdotai/ModernBERT-base,json,high_knowledge,-0.1653846153846154,2.334657315954117,10.325920794686281,0.6153846153846154,0.7214137214137214,0.7713097713097713,0.71875,0.11491458394113263,0.7188,1.0,0.5926,0.0,0.6186,0.7692,10.037800073623657,200.0
answerdotai/ModernBERT-base,json,low_knowledge,-0.20961945031712476,2.090376864553771,8.087962656460547,0.6596194503171248,0.7610993657505285,0.7970401691331924,0.875,0.05007607374629608,0.875,0.0,0.6078,0.0,0.6667,0.75,9.856959342956543,200.0
answerdotai/ModernBERT-base,json,medium_knowledge,-0.1459595959595959,2.350329207911008,10.48902222549648,0.5959595959595959,0.7191919191919192,0.7636363636363637,0.7857142857142857,0.13408966512414788,0.7857,0.0,0.5682,0.0,0.5909,0.7568,9.860355854034424,200.0
answerdotai/ModernBERT-base,json,random_baseline,-0.15964912280701754,2.227521991061127,9.276849457683433,0.6096491228070176,0.7258771929824561,0.7785087719298246,0.75,0.11599477416946624,0.75,0.0,0.5926,0.0,0.6066,0.7209,10.249207973480225,200.0
answerdotai/ModernBERT-base,key_value,balanced_knowledge,-0.40611510791366906,0.7910993438510321,2.205820048521554,0.8561151079136691,0.9028776978417267,0.9136690647482014,0.7272727272727273,-0.3215654184726753,0.4318,0.0,0.0,0.0,0.944,0.9,8.377657175064087,200.0
answerdotai/ModernBERT-base,key_value,high_knowledge,-0.3978260869565217,0.9083002961017641,2.480103507253656,0.8478260869565217,0.8913043478260869,0.906832298136646,0.7272727272727273,-0.2578332863805678,0.5397,0.0,0.0,0.0,0.9373,0.8974,8.061776638031006,200.0
answerdotai/ModernBERT-base,key_value,low_knowledge,-0.4021739130434782,0.8378401165329544,2.3113692931942977,0.8521739130434782,0.9130434782608695,0.9130434782608695,0.5,-0.3282608695652174,0.1579,0.0,0.0,0.0,0.9415,0.7838,6.9053168296813965,200.0
answerdotai/ModernBERT-base,key_value,medium_knowledge,-0.4433333333333333,0.5123330633313629,1.6691809605392003,0.8933333333333333,0.95,0.9566666666666667,0.9,-0.30321595355294706,0.5789,0.0,0.3333,0.0,0.9375,0.9153,8.068869829177856,200.0
answerdotai/ModernBERT-base,key_value,random_baseline,-0.3809352517985612,0.9037940539924401,2.468952703374,0.8309352517985612,0.9136690647482014,0.9136690647482014,0.8461538461538461,-0.27575328977324476,0.4286,0.0,0.0,0.0,0.905,0.7619,7.7875800132751465,200.0
answerdotai/ModernBERT-base,mixed,balanced_knowledge,-0.3887978142076503,0.7868869408207909,2.1965477884241014,0.8387978142076503,0.9098360655737705,0.9207650273224044,0.7428571428571429,-0.19254137286178796,0.5091,0.3571,0.0,0.0,0.9238,0.9286,9.130311012268066,200.0
answerdotai/ModernBERT-base,mixed,high_knowledge,-0.40748792270531403,0.774085505531179,2.1686080400456977,0.857487922705314,0.9130434782608695,0.9347826086956522,0.8181818181818182,-0.19380949586899243,0.6286,0.2353,0.0,0.0,0.9534,0.9524,9.080480098724365,200.0
answerdotai/ModernBERT-base,mixed,low_knowledge,-0.4186868686868687,0.764403504349396,2.1477128910952477,0.8686868686868687,0.9225589225589226,0.9326599326599326,0.8,-0.21296268524905948,0.4737,0.3333,0.0,0.0,0.9286,0.8519,9.211299657821655,200.0
answerdotai/ModernBERT-base,mixed,medium_knowledge,-0.4207865168539326,0.6460762632672058,1.9080394773884368,0.8707865168539326,0.9353932584269663,0.9410112359550562,0.6666666666666666,-0.19851633663282098,0.5,0.6364,1.0,0.0,0.9182,0.8939,9.52623987197876,200.0
answerdotai/ModernBERT-base,mixed,random_baseline,-0.3674157303370787,0.9410835550290605,2.562756802438562,0.8174157303370787,0.8932584269662921,0.9044943820224719,0.6666666666666666,-0.1764648100916799,0.5,0.3333,0.5,0.0,0.9037,0.7581,9.035621643066406,200.0
answerdotai/ModernBERT-base,narrative,balanced_knowledge,-0.27477064220183484,1.360560326707734,3.8983770547111103,0.7247706422018348,0.8807339449541285,0.9311926605504587,0.5454545454545454,-0.2653268415065857,0.5412,0.7647,0.0,0.5,0.7672,0.8438,4.165724277496338,200.0
answerdotai/ModernBERT-base,narrative,high_knowledge,-0.2667235494880546,1.4116935193611617,4.102897860783602,0.7167235494880546,0.8771331058020477,0.9146757679180887,0.5166666666666667,-0.26141073916034857,0.6098,0.7692,0.0,0.6667,0.7462,0.8529,4.00605034828186,200.0
answerdotai/ModernBERT-base,narrative,low_knowledge,-0.2722222222222222,1.35122734660242,3.862162835378885,0.7222222222222222,0.8777777777777778,0.9,0.6666666666666666,-0.3210830847120513,0.5,0.7,0.0,0.3333,0.7931,0.9524,3.0005335807800293,200.0
answerdotai/ModernBERT-base,narrative,medium_knowledge,-0.28529411764705886,1.382914569138239,3.986503652344576,0.7352941176470589,0.8970588235294118,0.9117647058823529,0.5454545454545454,-0.32747288859677953,0.4839,0.75,1.0,0.25,0.7802,0.931,3.0732972621917725,200.0
answerdotai/ModernBERT-base,narrative,random_baseline,-0.28291925465838513,1.2613477637795434,3.5301761260988918,0.7329192546583851,0.8944099378881988,0.906832298136646,0.5,-0.3048233824879457,0.5185,0.7407,0.0,0.3333,0.8659,0.9667,3.606236219406128,200.0
answerdotai/ModernBERT-base,template,balanced_knowledge,-0.14375,1.7767078156057323,5.910366337902919,0.59375,0.875,0.921875,0.0,-0.16827396585686144,0.0,1.0,0.0,0.0,0.5833,0.4545,4.156834363937378,200.0
answerdotai/ModernBERT-base,template,high_knowledge,-0.2323529411764706,1.5783377052385785,4.846892147575221,0.6823529411764706,0.8941176470588236,0.8941176470588236,1.0,-0.2379812134277795,1.0,1.0,0.0,0.0,0.6857,0.45,4.212985992431641,200.0
answerdotai/ModernBERT-base,template,low_knowledge,-0.09117647058823525,2.7240784829841953,15.24236135766066,0.5411764705882353,0.7176470588235294,0.7411764705882353,1.0,-0.1127000900160463,1.0,0.0,0.0,0.0,0.575,0.5,4.279274225234985,200.0
answerdotai/ModernBERT-base,template,medium_knowledge,-0.21115702479338844,2.111271384683563,8.258734641395334,0.6611570247933884,0.8181818181818182,0.8181818181818182,0.6666666666666666,-0.2090260797655935,0.6667,0.9412,0.0,0.0,0.6465,0.4,4.596040487289429,200.0
answerdotai/ModernBERT-base,template,random_baseline,-0.03275862068965518,2.68425743132542,14.647320699418385,0.4827586206896552,0.7701149425287356,0.8160919540229885,0.6666666666666666,-0.048650093557872254,0.6667,1.0,0.0,0.0,0.5065,0.1875,4.18542742729187,200.0
bert-base-uncased,json,balanced_knowledge,0.28964076858813703,6.989588814758441,1085.275135309148,0.09924812030075188,0.18947368421052632,0.26015037593984963,0.22549019607843138,0.5941909568441651,0.213,0.0976,0.0968,0.5,0.0717,0.1923,5.967863082885742,200.0
bert-base-uncased,json,high_knowledge,0.26083133493205435,6.929777887433754,1022.2668960808377,0.12805755395683452,0.22446043165467625,0.28776978417266186,0.19166666666666668,0.5634703243921879,0.2031,0.0667,0.0938,0.0,0.1106,0.3059,6.88098406791687,200.0
bert-base-uncased,json,low_knowledge,0.270802192326856,7.060992046856559,1165.6009231270832,0.11808669656203288,0.23019431988041852,0.27204783258594917,0.23148148148148148,0.567528654758123,0.2373,0.0488,0.0294,1.0,0.1102,0.1452,5.931400299072266,200.0
bert-base-uncased,json,medium_knowledge,0.2580749354005168,6.726878813499054,834.5384466320526,0.1308139534883721,0.23982558139534885,0.2921511627906977,0.18478260869565216,0.5627624354005167,0.2136,0.0244,0.0,0.3333,0.1224,0.1905,6.796442985534668,200.0
bert-base-uncased,json,random_baseline,0.2798772609819121,6.957287762831182,1050.7797250304063,0.10901162790697674,0.20203488372093023,0.26453488372093026,0.17391304347826086,0.5883263350559862,0.17,0.0179,0.1081,0.25,0.115,0.0984,6.048083543777466,200.0
bert-base-uncased,key_value,balanced_knowledge,0.10787385129490396,4.762896419335316,117.08456123430837,0.28101503759398494,0.43045112781954886,0.49154135338345867,0.6601941747572816,0.1517608821384565,0.4178,0.1628,0.8571,0.5,0.253,0.4058,3.94528865814209,200.0
bert-base-uncased,key_value,high_knowledge,0.04894065765506661,4.386015319564726,80.31973202251042,0.3399482312338223,0.4900776531492666,0.5375323554788611,0.635593220338983,0.11572125006895212,0.4817,0.1341,0.5833,0.0,0.2967,0.4118,4.341844320297241,200.0
bert-base-uncased,key_value,low_knowledge,0.16857065143478853,5.255531219677179,191.6232528641914,0.22031823745410037,0.3684210526315789,0.43818849449204406,0.5357142857142857,0.16772483718384987,0.3382,0.2131,0.3333,0.0,0.202,0.2941,3.1931545734405518,200.0
bert-base-uncased,key_value,medium_knowledge,0.08045772560180248,4.406525404839178,81.98410646161466,0.3084311632870864,0.47385272145144075,0.528281750266809,0.6078431372549019,0.129088509360065,0.485,0.0875,0.375,0.1875,0.2928,0.3214,4.10406494140625,200.0
bert-base-uncased,key_value,random_baseline,0.10599415204678364,4.635217022103347,103.05027975710658,0.28289473684210525,0.4506578947368421,0.5197368421052632,0.65,0.14586825343613813,0.4131,0.075,0.7692,0.4167,0.2775,0.52,4.315074682235718,200.0
bert-base-uncased,mixed,balanced_knowledge,-0.014411441144114412,3.8562866930312025,47.28942478569188,0.4033003300330033,0.5405940594059406,0.6066006600660065,0.6975308641975309,0.12439376034938371,0.5795,0.2026,0.5,0.5,0.3717,0.5753,5.249682903289795,200.0
bert-base-uncased,mixed,high_knowledge,-0.03670144609189091,3.638658795462469,38.04078202619037,0.4255903349807798,0.5755079626578803,0.6485447556287754,0.7333333333333333,0.13084235117240983,0.5842,0.1429,0.4167,0.8,0.3865,0.6667,5.910179615020752,200.0
bert-base-uncased,mixed,low_knowledge,0.038026819923371646,4.25394499812658,70.38252431075696,0.35086206896551725,0.49224137931034484,0.5629310344827586,0.6179775280898876,0.1443262730746257,0.5789,0.3182,0.8182,0.0,0.3004,0.4468,5.21587061882019,200.0
bert-base-uncased,mixed,medium_knowledge,0.029581529581529598,4.138136817879727,62.68591729585785,0.3593073593073593,0.5108225108225108,0.5829725829725829,0.5901639344262295,0.15448741319990106,0.5402,0.1504,0.6667,0.3889,0.3464,0.5238,5.3379528522491455,200.0
bert-base-uncased,mixed,random_baseline,0.015861629204527328,4.11133444379546,61.028101828018976,0.37302725968436157,0.5164992826398852,0.5803443328550932,0.7087378640776699,0.14508957541546585,0.5888,0.1667,0.8182,0.5652,0.3418,0.3333,5.794317960739136,200.0
bert-base-uncased,narrative,balanced_knowledge,-0.06012426900584794,3.3669134538260708,28.988913211145267,0.44901315789473684,0.625,0.6875,0.7154471544715447,-0.03227604884993546,0.5267,0.4231,1.0,0.0,0.4413,0.5882,2.3476057052612305,200.0
bert-base-uncased,narrative,high_knowledge,-0.03394674473720899,3.4483048845081754,31.44704073705977,0.4228356336260979,0.6298619824341279,0.6863237139272271,0.7295081967213115,-0.011846622637086912,0.4706,0.4646,1.0,0.0,0.4124,0.5,2.421532154083252,200.0
bert-base-uncased,narrative,low_knowledge,0.04031746031746031,3.9121308124745076,50.0053906428875,0.3485714285714286,0.5685714285714286,0.6371428571428571,0.6578947368421053,0.04660010891268829,0.4419,0.4194,0.0,0.0,0.3112,0.4118,1.6952922344207764,200.0
bert-base-uncased,narrative,medium_knowledge,0.07149758454106281,4.365246606600735,78.66879779466737,0.3173913043478261,0.5260869565217391,0.5891304347826087,0.6,0.06946214392803596,0.4651,0.2549,0.3333,0.2,0.303,0.7647,1.8002269268035889,200.0
bert-base-uncased,narrative,random_baseline,0.0399610136452242,3.9182982797166317,50.314750253630955,0.3489278752436647,0.5672514619883041,0.6354775828460039,0.603448275862069,0.0729955994202443,0.4342,0.3607,0.5,0.4167,0.3239,0.4286,2.1700243949890137,200.0
bert-base-uncased,template,balanced_knowledge,0.10558682509902023,3.8381354935015617,46.43880821033439,0.28330206378986866,0.5459662288930581,0.6397748592870544,0.36666666666666664,0.060976543175305487,0.3488,0.4839,0.25,0.3333,0.2623,0.3333,2.371732234954834,200.0
bert-base-uncased,template,high_knowledge,0.08818958818958822,3.7459523177981,42.349318030737535,0.3006993006993007,0.5909090909090909,0.6765734265734266,0.3023255813953488,0.07430069930069932,0.3051,0.3939,0.1818,0.2857,0.3046,0.2857,2.2656188011169434,200.0
bert-base-uncased,template,low_knowledge,0.10598122680637417,3.985043645421669,53.787637010757756,0.2829076620825147,0.5383104125736738,0.6149312377210217,0.4583333333333333,0.03179822027042645,0.3846,0.35,0.3333,0.1667,0.2785,0.1562,2.177198886871338,200.0
bert-base-uncased,template,medium_knowledge,0.0712418300653595,3.7546661600641986,42.719955802434576,0.3176470588235294,0.5983193277310924,0.6705882352941176,0.3103448275862069,0.051243918620079654,0.36,0.3514,0.3333,0.3333,0.3092,0.44,2.5136046409606934,200.0
bert-base-uncased,template,random_baseline,0.09446380178087493,3.9160844369670826,50.20348451645305,0.29442508710801396,0.5557491289198606,0.6445993031358885,0.34615384615384615,0.035239745308194126,0.3143,0.3333,1.0,0.4545,0.2957,0.2857,2.4882335662841797,200.0
dmis-lab/biobert-base-cased-v1.2,json,balanced_knowledge,0.33696608677993634,6.580019675454573,720.5535063274707,0.07479861910241657,0.2336018411967779,0.31645569620253167,0.02717391304347826,0.6414396812987125,0.0494,0.0,0.0,0.0,0.0978,0.2333,6.409051895141602,200.0
dmis-lab/biobert-base-cased-v1.2,json,high_knowledge,0.31286360698125404,6.537794654762619,690.7615293762116,0.0989010989010989,0.25384615384615383,0.3142857142857143,0.042105263157894736,0.623370948931487,0.0699,0.0217,0.0303,0.0,0.119,0.2561,7.329196453094482,200.0
dmis-lab/biobert-base-cased-v1.2,json,low_knowledge,0.330899102237706,6.395801894649161,599.3237250695844,0.08086560364464693,0.2266514806378132,0.30751708428246016,0.020833333333333332,0.6387119030497893,0.0337,0.0435,0.0227,0.0,0.1155,0.0563,6.491743326187134,200.0
dmis-lab/biobert-base-cased-v1.2,json,medium_knowledge,0.31210065213095317,6.2314290373064924,508.4816037271647,0.09966405375139978,0.270996640537514,0.3337066069428891,0.02185792349726776,0.6164534354389983,0.0449,0.0,0.0,0.4,0.1305,0.0962,7.2031309604644775,200.0
dmis-lab/biobert-base-cased-v1.2,json,random_baseline,0.30622099586103096,6.468543724375847,644.544408866724,0.10554371002132196,0.27185501066098083,0.326226012793177,0.03684210526315789,0.6320726214106804,0.0515,0.0143,0.0816,0.0,0.1395,0.1852,6.4840428829193115,200.0
dmis-lab/biobert-base-cased-v1.2,key_value,balanced_knowledge,0.1875494592455816,5.050454877239298,156.09345169831857,0.2242152466367713,0.32884902840059793,0.3923766816143498,0.35135135135135137,0.09396657154504687,0.321,0.1333,0.3548,0.1,0.2125,0.0625,4.749911785125732,200.0
dmis-lab/biobert-base-cased-v1.2,key_value,high_knowledge,0.11346183381968972,4.573749776881612,96.9068082378997,0.2983028720626632,0.40926892950391647,0.4725848563968668,0.4254545454545455,0.05899228480605445,0.401,0.119,0.4545,0.1667,0.284,0.1803,4.872208833694458,200.0
dmis-lab/biobert-base-cased-v1.2,key_value,low_knowledge,0.22765255634964265,5.359472176770796,212.61269490847096,0.18411214953271027,0.31121495327102805,0.3728971962616822,0.2469879518072289,0.09587299714385861,0.2287,0.098,0.2667,0.1429,0.1893,0.0263,3.7197258472442627,200.0
dmis-lab/biobert-base-cased-v1.2,key_value,medium_knowledge,0.13319861178227826,4.832535360057016,125.52881829462481,0.27856609410007466,0.38760268857356234,0.45556385362210605,0.32972972972972975,0.0428275887393913,0.315,0.1489,0.2963,0.125,0.2887,0.2069,5.113033294677734,200.0
dmis-lab/biobert-base-cased-v1.2,key_value,random_baseline,0.19736470588235291,5.21726754649992,184.4295497709935,0.2144,0.344,0.4024,0.26785714285714285,0.08628027210884351,0.28,0.0606,0.3611,0.3636,0.2047,0.125,4.467318534851074,200.0
dmis-lab/biobert-base-cased-v1.2,mixed,balanced_knowledge,0.012078185506177397,3.884714647013874,48.653057183330695,0.3996865203761755,0.4952978056426332,0.5564263322884012,0.5949367088607594,0.050826238984663985,0.546,0.175,0.6389,0.25,0.3833,0.2745,5.906244277954102,200.0
dmis-lab/biobert-base-cased-v1.2,mixed,high_knowledge,-0.0501707779886148,3.4952838159553616,32.95964109768249,0.4619354838709677,0.5556989247311828,0.6081720430107527,0.6292134831460674,0.013858256277647474,0.6062,0.1974,0.74,0.4615,0.4316,0.4085,6.575599670410156,200.0
dmis-lab/biobert-base-cased-v1.2,mixed,low_knowledge,0.020898352625133287,3.9509240265528702,51.983378671509705,0.39086635325721963,0.49966420416386836,0.5507051712558765,0.5486725663716814,0.014807014960902087,0.5538,0.4028,0.4583,0.3333,0.3585,0.1628,5.5147545337677,200.0
dmis-lab/biobert-base-cased-v1.2,mixed,medium_knowledge,-0.017620259949082173,3.728801534413533,41.629187107529404,0.4293849658314351,0.5250569476082004,0.5808656036446469,0.5708502024291497,0.00839063436454729,0.564,0.2,0.6579,0.5,0.4142,0.4872,6.407193899154663,200.0
dmis-lab/biobert-base-cased-v1.2,mixed,random_baseline,-0.009883113180651937,3.8126647036345322,45.27091184597358,0.42164781906300486,0.518578352180937,0.5756596661281637,0.5708661417322834,0.01257951171605004,0.5693,0.225,0.8293,0.5909,0.3909,0.3273,5.911543369293213,200.0
dmis-lab/biobert-base-cased-v1.2,narrative,balanced_knowledge,0.13869264519967278,4.439959647653768,84.77152087504886,0.27307206068268014,0.4197218710493047,0.504424778761062,0.32679738562091504,0.041809971985196426,0.2948,0.4531,0.7273,0.3333,0.2149,0.375,2.8560948371887207,200.0
dmis-lab/biobert-base-cased-v1.2,narrative,high_knowledge,0.1537965783923131,4.373287848214084,79.3039428601791,0.25796812749003983,0.41733067729083667,0.5278884462151394,0.3076923076923077,0.057283444837004205,0.2964,0.3667,0.625,0.3333,0.2027,0.36,3.2198431491851807,200.0
dmis-lab/biobert-base-cased-v1.2,narrative,low_knowledge,0.21384803921568626,5.0316615545414,153.18733046029828,0.19791666666666666,0.3416666666666667,0.43333333333333335,0.1875,0.11298508299685958,0.2457,0.3333,0.3333,0.0,0.1441,0.1429,2.1133341789245605,200.0
dmis-lab/biobert-base-cased-v1.2,narrative,medium_knowledge,0.2093425605536332,5.093430209488593,162.94784975939555,0.20242214532871972,0.3373702422145329,0.4186851211072664,0.1686746987951807,0.08535563244905808,0.2308,0.2222,0.5556,0.0,0.1707,0.5,2.1615688800811768,200.0
dmis-lab/biobert-base-cased-v1.2,narrative,random_baseline,0.15871592539454804,4.558035526702508,95.3958929512931,0.2530487804878049,0.3826219512195122,0.4634146341463415,0.23711340206185566,0.05665678112615369,0.2991,0.3077,0.3333,0.0,0.2212,0.6111,2.3753950595855713,200.0
dmis-lab/biobert-base-cased-v1.2,template,balanced_knowledge,0.1706299541093033,4.631590892540827,102.67728276766412,0.24113475177304963,0.4148936170212766,0.4929078014184397,0.2987012987012987,0.024514103188782416,0.2584,0.359,0.35,0.0909,0.2522,0.0645,2.95274019241333,200.0
dmis-lab/biobert-base-cased-v1.2,template,high_knowledge,0.14424134139637163,4.353716273471895,77.76692976050317,0.2675233644859813,0.4380841121495327,0.5116822429906542,0.38823529411764707,0.030847307611778396,0.3376,0.4375,0.3,0.2222,0.2789,0.0667,3.2100584506988525,200.0
dmis-lab/biobert-base-cased-v1.2,template,low_knowledge,0.15040106951871657,4.282023973669798,72.38680082104788,0.26136363636363635,0.44191919191919193,0.5340909090909091,0.22321428571428573,-0.007101580835141452,0.2048,0.4615,0.0,0.2222,0.2752,0.0,2.811741352081299,200.0
dmis-lab/biobert-base-cased-v1.2,template,medium_knowledge,0.07917791976813121,3.9334505151940715,51.0829363686351,0.3325867861142217,0.5027995520716685,0.58006718924972,0.33112582781456956,-0.027123603216359482,0.2973,0.4565,0.3333,0.0909,0.3379,0.1818,3.1353647708892822,200.0
dmis-lab/biobert-base-cased-v1.2,template,random_baseline,0.17063863489092085,4.507305965380689,90.67720163492594,0.24112607099143207,0.40024479804161567,0.4969400244798042,0.2318840579710145,0.022577632712271645,0.2113,0.3235,0.4211,0.1579,0.2478,0.125,2.7863292694091797,200.0
microsoft/BiomedNLP-PubMedBERT-base-uncased-abstract-fulltext,json,balanced_knowledge,0.34321096859796546,7.957326207597576,2856.425244753729,0.025210084033613446,0.07983193277310924,0.11764705882352941,0.06578947368421052,0.6750513159082977,0.0625,0.0227,0.0,0.0,0.0294,0.0,7.500047206878662,200.0
microsoft/BiomedNLP-PubMedBERT-base-uncased-abstract-fulltext,json,high_knowledge,0.33270676691729323,7.7451773158934705,2310.4031587694026,0.03571428571428571,0.08653846153846154,0.13324175824175824,0.0136986301369863,0.6688840844836188,0.0263,0.0256,0.0,0.2,0.0287,0.0787,7.266489267349243,200.0
microsoft/BiomedNLP-PubMedBERT-base-uncased-abstract-fulltext,json,low_knowledge,0.3214597266647281,7.757416942209592,2338.8553972578748,0.04696132596685083,0.10220994475138122,0.13674033149171272,0.09302325581395349,0.6492283191756738,0.0851,0.0328,0.0,0.0,0.0559,0.027,7.427677154541016,200.0
microsoft/BiomedNLP-PubMedBERT-base-uncased-abstract-fulltext,json,medium_knowledge,0.3056535775959156,7.627623308524715,2054.1621040427603,0.06276747503566334,0.12125534950071326,0.15834522111269614,0.0958904109589041,0.6440016219349121,0.0921,0.0,0.0,0.0,0.0727,0.0563,7.635928153991699,200.0
microsoft/BiomedNLP-PubMedBERT-base-uncased-abstract-fulltext,json,random_baseline,0.32118758434547906,7.725485332907201,2265.3517704658902,0.04723346828609987,0.09986504723346828,0.13225371120107962,0.013157894736842105,0.6550554951196444,0.0123,0.0,0.0,0.0,0.0532,0.0864,7.474836826324463,200.0
microsoft/BiomedNLP-PubMedBERT-base-uncased-abstract-fulltext,key_value,balanced_knowledge,0.21008066313115556,6.055180887122872,426.31601355759244,0.15834038950042337,0.23962743437764605,0.29127857747671465,0.2222222222222222,0.1933006017922759,0.2522,0.0323,0.0,0.0909,0.1461,0.0566,4.677182674407959,200.0
microsoft/BiomedNLP-PubMedBERT-base-uncased-abstract-fulltext,key_value,high_knowledge,0.10331531245031006,5.22122601741457,185.16105564673703,0.26510574018126887,0.33987915407854985,0.3889728096676737,0.36792452830188677,0.1632479183553165,0.3731,0.1765,0.1667,0.2,0.2552,0.0652,5.185529470443726,200.0
microsoft/BiomedNLP-PubMedBERT-base-uncased-abstract-fulltext,key_value,low_knowledge,0.24949654384150655,6.353172500637576,574.3118265480449,0.1189245087900724,0.21509824198552224,0.2688728024819028,0.1891891891891892,0.23526585905217262,0.201,0.0316,0.0,0.0,0.1211,0.0,3.670186996459961,200.0
microsoft/BiomedNLP-PubMedBERT-base-uncased-abstract-fulltext,key_value,medium_knowledge,0.11821114499094082,5.365285341890664,213.85224698031985,0.2502099076406381,0.3434089000839631,0.38706968933669184,0.3409090909090909,0.15256339129518903,0.325,0.1452,0.0,0.1176,0.2657,0.2,5.197444200515747,200.0
microsoft/BiomedNLP-PubMedBERT-base-uncased-abstract-fulltext,key_value,random_baseline,0.1759327897207808,5.69192716536954,296.4644064018699,0.19248826291079812,0.27699530516431925,0.3370892018779343,0.17721518987341772,0.17598563267153117,0.2329,0.1351,0.0,0.0833,0.1993,0.0323,4.487206697463989,200.0
microsoft/BiomedNLP-PubMedBERT-base-uncased-abstract-fulltext,mixed,balanced_knowledge,0.01604010025062652,4.753052157035856,115.93760483468853,0.3523809523809524,0.4358543417366947,0.4773109243697479,0.3567251461988304,0.16104830421377186,0.4817,0.1561,0.25,0.5455,0.3372,0.2273,6.088024139404297,200.0
microsoft/BiomedNLP-PubMedBERT-base-uncased-abstract-fulltext,mixed,high_knowledge,-0.0418995886509862,4.161725723928118,64.1821878209437,0.4103206412825651,0.501002004008016,0.5470941883767535,0.4714285714285714,0.13403245261617996,0.564,0.1875,0.2353,0.5,0.3866,0.3649,6.783484220504761,200.0
microsoft/BiomedNLP-PubMedBERT-base-uncased-abstract-fulltext,mixed,low_knowledge,0.05034153275160891,4.776231201423455,118.65631454799464,0.31807951987997,0.41410352588147037,0.45161290322580644,0.5408163265306123,0.1830266748102955,0.5184,0.197,0.125,0.2222,0.3048,0.087,5.606349945068359,200.0
microsoft/BiomedNLP-PubMedBERT-base-uncased-abstract-fulltext,mixed,medium_knowledge,-0.037692484486325006,4.152550075670306,63.595968226418854,0.40611353711790393,0.49656893325015594,0.535870243293824,0.504424778761062,0.12322661384386863,0.5399,0.3043,0.4615,0.4,0.4038,0.3091,6.378490924835205,200.0
microsoft/BiomedNLP-PubMedBERT-base-uncased-abstract-fulltext,mixed,random_baseline,0.010046668395125746,4.484031582547144,88.59111607476474,0.3583743842364532,0.45689655172413796,0.5018472906403941,0.46825396825396826,0.15735202614797017,0.5012,0.1914,0.4545,0.4333,0.3479,0.449,5.938347339630127,200.0
microsoft/BiomedNLP-PubMedBERT-base-uncased-abstract-fulltext,narrative,balanced_knowledge,0.18806914647322115,5.781201368739932,324.1483783201569,0.18035190615835778,0.2932551319648094,0.37683284457478006,0.05952380952380952,0.20729817960493552,0.2162,0.3167,0.0,0.5,0.1511,0.2778,2.6106984615325928,200.0
microsoft/BiomedNLP-PubMedBERT-base-uncased-abstract-fulltext,narrative,high_knowledge,0.15826756975082332,5.726029433031845,306.74888019301665,0.2101534828807556,0.32585596221959856,0.371900826446281,0.01,0.15513337260217833,0.2296,0.44,0.0,0.0,0.1578,0.2857,3.021336317062378,200.0
microsoft/BiomedNLP-PubMedBERT-base-uncased-abstract-fulltext,narrative,low_knowledge,0.21667975909924062,6.219964370951613,502.6853215015301,0.1517412935323383,0.24875621890547264,0.2935323383084577,0.06382978723404255,0.20485769123923528,0.161,0.3667,0.0,0.0,0.1204,0.3333,1.9607176780700684,200.0
microsoft/BiomedNLP-PubMedBERT-base-uncased-abstract-fulltext,narrative,medium_knowledge,0.20406461698801456,6.043253251641186,421.2612770027483,0.16435643564356436,0.26732673267326734,0.3108910891089109,0.08888888888888889,0.20043677750595842,0.2443,0.3061,0.2,0.0,0.131,0.1818,1.9572765827178955,200.0
microsoft/BiomedNLP-PubMedBERT-base-uncased-abstract-fulltext,narrative,random_baseline,0.21656920077972708,5.9581882391280185,386.9085031578366,0.15185185185185185,0.2611111111111111,0.3148148148148148,0.022727272727272728,0.22550663871418591,0.175,0.36,0.2,0.0,0.124,0.2,2.1792118549346924,200.0
microsoft/BiomedNLP-PubMedBERT-base-uncased-abstract-fulltext,template,balanced_knowledge,0.1703227958962382,5.126217133955213,168.37895672844613,0.19809825673534073,0.3803486529318542,0.4437400950871632,0.2777777777777778,0.12602234627973466,0.2558,0.2895,0.1429,0.0,0.2004,0.0169,2.4443633556365967,200.0
microsoft/BiomedNLP-PubMedBERT-base-uncased-abstract-fulltext,template,high_knowledge,0.14516523867809056,4.956745472740808,142.13047485568597,0.22325581395348837,0.4108527131782946,0.4666666666666667,0.1875,0.12426191654296553,0.1579,0.5405,0.0,0.2,0.2135,0.1053,2.6172454357147217,200.0
microsoft/BiomedNLP-PubMedBERT-base-uncased-abstract-fulltext,template,low_knowledge,0.16309189902656326,5.276201898422646,195.62545720124393,0.20532915360501566,0.3667711598746082,0.42946708463949845,0.2,0.0924796113352234,0.1864,0.3269,0.0,0.1,0.205,0.0,2.686077833175659,200.0
microsoft/BiomedNLP-PubMedBERT-base-uncased-abstract-fulltext,template,medium_knowledge,0.08439738399252567,4.613357319828349,100.82207400708133,0.28402366863905326,0.46893491124260356,0.5414201183431953,0.34615384615384615,0.0748677863263047,0.3276,0.4688,0.6667,0.0714,0.277,0.2692,2.794025182723999,200.0
microsoft/BiomedNLP-PubMedBERT-base-uncased-abstract-fulltext,template,random_baseline,0.15045345322068054,5.104671397042222,164.78991118144106,0.21796759941089838,0.40795287187039764,0.45949926362297494,0.20408163265306123,0.11122185857020556,0.2462,0.3571,0.0,0.2,0.2079,0.1071,2.492025136947632,200.0
microsoft/deberta-v3-base,json,balanced_knowledge,0.0,12.89549632352941,398513.3684315557,0.0,0.0,0.0,0.0,0.0,0.0,0.0,0.0,0.0,0.0,0.0,6.391078948974609,200.0
microsoft/deberta-v3-base,json,high_knowledge,0.0,12.57827818627451,290186.23522408714,0.0,0.0,0.0,0.0,0.0,0.0,0.0,0.0,0.0,0.0,0.0,5.23377251625061,200.0
microsoft/deberta-v3-base,json,low_knowledge,0.0,12.42090992647059,247932.03284349988,0.0,0.0,0.0,0.0,0.0,0.0,0.0,0.0,0.0,0.0,0.0,5.902601957321167,200.0
microsoft/deberta-v3-base,json,medium_knowledge,0.0,13.150186567164178,514106.9348036635,0.0,0.0,0.0,0.0,0.0,0.0,0.0,0.0,0.0,0.0,0.0,5.32170033454895,200.0
microsoft/deberta-v3-base,json,random_baseline,0.0,12.74185505319149,341756.9371187658,0.0,0.0,0.0,0.0,0.0,0.0,0.0,0.0,0.0,0.0,0.0,5.661100387573242,200.0
microsoft/deberta-v3-base,key_value,balanced_knowledge,0.0,14.385865066225165,1768894.0278385205,0.0,0.0,0.0,0.0,0.0,0.0,0.0,0.0,0.0,0.0,0.0,3.9531514644622803,200.0
microsoft/deberta-v3-base,key_value,high_knowledge,0.0,14.50952743902439,2001740.1575986242,0.0,0.0,0.0,0.0,0.0,0.0,0.0,0.0,0.0,0.0,0.0,3.757957696914673,200.0
microsoft/deberta-v3-base,key_value,low_knowledge,0.0,14.206014554794521,1477725.3751386306,0.0,0.0,0.0,0.0,0.0,0.0,0.0,0.0,0.0,0.0,0.0,2.760835647583008,200.0
microsoft/deberta-v3-base,key_value,medium_knowledge,0.0,14.495161290322581,1973188.440990492,0.0,0.0,0.0,0.0,0.0,0.0,0.0,0.0,0.0,0.0,0.0,4.419328212738037,200.0
microsoft/deberta-v3-base,key_value,random_baseline,0.0,13.996865354938272,1198840.448810114,0.0,0.0,0.0,0.0,0.0,0.0,0.0,0.0,0.0,0.0,0.0,3.217853307723999,200.0
microsoft/deberta-v3-base,mixed,balanced_knowledge,0.0,15.149427170721477,3795881.308563775,0.0,0.0,0.0,0.0,0.0,0.0,0.0,0.0,0.0,0.0,0.0,4.664099216461182,200.0
microsoft/deberta-v3-base,mixed,high_knowledge,0.0,15.24045868347339,4157642.1615914702,0.0,0.0,0.0,0.0,0.0,0.0,0.0,0.0,0.0,0.0,0.0,5.5061399936676025,200.0
microsoft/deberta-v3-base,mixed,low_knowledge,0.0,14.981709317585302,3209768.3185191215,0.0,0.0,0.0,0.0,0.0,0.0,0.0,0.0,0.0,0.0,0.0,4.234010934829712,200.0
microsoft/deberta-v3-base,mixed,medium_knowledge,0.0,14.650964569627194,2305860.6983234785,0.0,0.0,0.0,0.0,0.0,0.0,0.0,0.0,0.0,0.0,0.0,4.533181428909302,200.0
microsoft/deberta-v3-base,mixed,random_baseline,0.0,14.981411637931034,3208812.9779955554,0.0,0.0,0.0,0.0,0.0,0.0,0.0,0.0,0.0,0.0,0.0,5.1466522216796875,200.0
microsoft/deberta-v3-base,narrative,balanced_knowledge,0.0,15.67130844465649,6396800.136688558,0.0,0.0,0.0,0.0,0.0,0.0,0.0,0.0,0.0,0.0,0.0,1.5934839248657227,200.0
microsoft/deberta-v3-base,narrative,high_knowledge,0.0,15.816336908284024,7395164.571322107,0.0,0.0,0.0,0.0,0.0,0.0,0.0,0.0,0.0,0.0,0.0,1.6973564624786377,200.0
microsoft/deberta-v3-base,narrative,low_knowledge,0.0,15.405219780219781,4902323.234563736,0.0,0.0,0.0,0.0,0.0,0.0,0.0,0.0,0.0,0.0,0.0,1.1841325759887695,200.0
microsoft/deberta-v3-base,narrative,medium_knowledge,0.0,15.367484714673912,4720780.550102439,0.0,0.0,0.0,0.0,0.0,0.0,0.0,0.0,0.0,0.0,0.0,1.2598419189453125,200.0
microsoft/deberta-v3-base,narrative,random_baseline,0.0,15.384191176470589,4800310.57289087,0.0,0.0,0.0,0.0,0.0,0.0,0.0,0.0,0.0,0.0,0.0,1.331773281097412,200.0
microsoft/deberta-v3-base,template,balanced_knowledge,0.0,14.796457047325102,2666979.31525747,0.0,0.0,0.0,0.0,0.0,0.0,0.0,0.0,0.0,0.0,0.0,1.941122055053711,200.0
microsoft/deberta-v3-base,template,high_knowledge,0.0,14.930227388211382,3048704.7559683938,0.0,0.0,0.0,0.0,0.0,0.0,0.0,0.0,0.0,0.0,0.0,2.172031879425049,200.0
microsoft/deberta-v3-base,template,low_knowledge,0.0,14.836579241071428,2776160.0145357777,0.0,0.0,0.0,0.0,0.0,0.0,0.0,0.0,0.0,0.0,0.0,1.907726764678955,200.0
microsoft/deberta-v3-base,template,medium_knowledge,0.0,14.843452638408305,2795307.3937766533,0.0,0.0,0.0,0.0,0.0,0.0,0.0,0.0,0.0,0.0,0.0,2.017721652984619,200.0
microsoft/deberta-v3-base,template,random_baseline,0.0,14.791209446564885,2653020.7291505896,0.0,0.0,0.0,0.0,0.0,0.0,0.0,0.0,0.0,0.0,0.0,1.824554681777954,200.0
nlpaueb/legal-bert-base-uncased,json,balanced_knowledge,0.12675175175175174,4.958091044727336,142.32185036697234,0.24824824824824826,0.3813813813813814,0.44244244244244246,0.5894736842105263,0.480126240465583,0.5099,0.1373,0.0336,0.1765,0.2838,0.5822,6.804335117340088,200.0
nlpaueb/legal-bert-base-uncased,json,high_knowledge,0.09653209109730848,4.781630115627692,119.29866223979242,0.2784679089026915,0.4140786749482402,0.4699792960662526,0.6125827814569537,0.4402538276062021,0.5496,0.1667,0.0692,0.0976,0.315,0.6267,7.658257961273193,200.0
nlpaueb/legal-bert-base-uncased,json,low_knowledge,0.09452428146679881,4.668334024935872,106.52013464031484,0.2804757185332012,0.44202180376610506,0.5034687809712587,0.6061538461538462,0.4462728780378806,0.5777,0.0638,0.1043,0.3158,0.3199,0.6955,6.921222448348999,200.0
nlpaueb/legal-bert-base-uncased,json,medium_knowledge,0.04324644549763035,4.416874389044679,82.83696417816073,0.33175355450236965,0.4729857819905213,0.5260663507109005,0.6558441558441559,0.4036169573387304,0.6143,0.1667,0.0935,0.2692,0.3699,0.7276,7.88401198387146,200.0
nlpaueb/legal-bert-base-uncased,json,random_baseline,0.07136015325670497,4.55324076866936,94.93958753845104,0.303639846743295,0.43007662835249044,0.4932950191570881,0.6323024054982818,0.42668352116396546,0.5794,0.1143,0.0593,0.2581,0.3471,0.705,7.107370853424072,200.0
nlpaueb/legal-bert-base-uncased,key_value,balanced_knowledge,0.10504354136429606,4.531901769408802,92.93513432355859,0.26995645863570394,0.41509433962264153,0.49129172714078373,0.29375,0.12955248559439075,0.3761,0.1765,0.2555,0.2703,0.2388,0.1892,5.325910568237305,200.0
nlpaueb/legal-bert-base-uncased,key_value,high_knowledge,0.05566707844348362,4.216507024832419,67.79625956945641,0.3193329215565164,0.4478072884496603,0.5176034589252625,0.37610619469026546,0.10891456791546289,0.3877,0.2283,0.2371,0.3571,0.3025,0.3297,5.195251226425171,200.0
nlpaueb/legal-bert-base-uncased,key_value,low_knowledge,0.15878378378378377,4.71129721287019,111.1963116743416,0.21621621621621623,0.3855855855855856,0.4828828828828829,0.31386861313868614,0.14412659640552122,0.2929,0.0476,0.2459,0.2069,0.221,0.25,4.224449157714844,200.0
nlpaueb/legal-bert-base-uncased,key_value,medium_knowledge,0.04069129480614486,4.066476994775714,58.3510290721921,0.33430870519385514,0.5018288222384785,0.562545720555962,0.3668639053254438,0.08165909084774164,0.4258,0.1852,0.2897,0.2963,0.3306,0.3774,5.509235858917236,200.0
nlpaueb/legal-bert-base-uncased,key_value,random_baseline,0.10600303951367779,4.502499150390759,90.24237899608292,0.2689969604863222,0.439209726443769,0.506079027355623,0.2948717948717949,0.1274316109422492,0.3384,0.2353,0.1752,0.2571,0.2532,0.2679,4.5708277225494385,200.0
nlpaueb/legal-bert-base-uncased,mixed,balanced_knowledge,-0.08358680393074402,3.207939457863918,24.728080441158134,0.458586803930744,0.5928872250818905,0.6546560598970519,0.5485074626865671,0.03834099944867225,0.5755,0.4074,0.5829,0.4,0.4432,0.4867,6.512269973754883,200.0
nlpaueb/legal-bert-base-uncased,mixed,high_knowledge,-0.12520686801820435,3.0333042964347396,20.76573549587007,0.5002068680182044,0.6193628465039305,0.6743897393462971,0.5154061624649859,0.024845567311555627,0.5822,0.3807,0.5655,0.5484,0.4988,0.5098,6.35271954536438,200.0
nlpaueb/legal-bert-base-uncased,mixed,low_knowledge,-0.06144333124608642,3.3419277694340295,28.273579144336548,0.4364433312460864,0.5735754539762054,0.6443331246086412,0.6770833333333334,0.05026187106605229,0.6304,0.2443,0.6707,0.3514,0.4339,0.4133,6.168928384780884,200.0
nlpaueb/legal-bert-base-uncased,mixed,medium_knowledge,-0.10992590700051097,2.963524322440018,19.366104019919998,0.48492590700051097,0.631578947368421,0.6944302503832397,0.5991735537190083,0.03997630942712915,0.5901,0.2875,0.6226,0.5128,0.499,0.5283,6.02571964263916,200.0
nlpaueb/legal-bert-base-uncased,mixed,random_baseline,-0.09130054917623565,3.143275557580563,23.179668984289947,0.46630054917623565,0.5971043434847728,0.6625062406390414,0.5221238938053098,0.03410170343840635,0.5413,0.3905,0.5699,0.3659,0.4686,0.4526,6.268416881561279,200.0
nlpaueb/legal-bert-base-uncased,narrative,balanced_knowledge,0.06257126567844928,4.220894687638791,68.09438024420419,0.3124287343215507,0.48004561003420754,0.5473204104903079,0.08588957055214724,0.029418024028154577,0.2712,0.4023,0.0632,0.25,0.3213,0.4324,2.9384663105010986,200.0
nlpaueb/legal-bert-base-uncased,narrative,high_knowledge,0.05840807174887891,4.09509135065086,60.04482404067986,0.3165919282511211,0.49417040358744396,0.5569506726457399,0.1111111111111111,0.017596105936913076,0.2769,0.2604,0.1176,0.6,0.3526,0.4048,2.969243049621582,200.0
nlpaueb/legal-bert-base-uncased,narrative,low_knowledge,0.054417122040072874,4.078801515373726,59.07462737384229,0.3205828779599271,0.5136612021857924,0.5701275045537341,0.15789473684210525,-0.04744854960171818,0.3056,0.3095,0.1731,0.3333,0.3434,0.4091,2.117436647415161,200.0
nlpaueb/legal-bert-base-uncased,narrative,medium_knowledge,0.02077259475218657,3.8232423752697366,45.752314255861585,0.35422740524781343,0.5466472303206997,0.607871720116618,0.18666666666666668,-0.020894071914480117,0.3553,0.2375,0.1429,0.25,0.3803,0.45,2.159740447998047,200.0
nlpaueb/legal-bert-base-uncased,narrative,random_baseline,0.06719858156028369,4.241667666788571,69.52369757732978,0.3078014184397163,0.4794326241134752,0.5546099290780142,0.1346153846153846,0.04419858156028367,0.2874,0.1833,0.1529,0.2222,0.3402,0.4762,2.675178289413452,200.0
nlpaueb/legal-bert-base-uncased,template,balanced_knowledge,0.09722222222222221,4.0696860048003085,58.53857887308077,0.2777777777777778,0.46859903381642515,0.5615942028985508,0.20754716981132076,-0.0030280558645408573,0.2919,0.4872,0.2315,0.4231,0.2726,0.197,2.681788444519043,200.0
nlpaueb/legal-bert-base-uncased,template,high_knowledge,0.08225995316159251,3.8969965597695038,49.25429440067303,0.2927400468384075,0.5023419203747073,0.6206088992974239,0.33636363636363636,0.029532169134595887,0.3652,0.4545,0.3137,0.3793,0.283,0.2927,2.6768102645874023,200.0
nlpaueb/legal-bert-base-uncased,template,low_knowledge,0.11511976047904193,4.415414727399341,82.71613844253238,0.25988023952095807,0.45149700598802395,0.5401197604790419,0.2905982905982906,0.011240688143315802,0.2836,0.4286,0.3265,0.375,0.2576,0.2642,2.423600673675537,200.0
nlpaueb/legal-bert-base-uncased,template,medium_knowledge,0.04762569832402236,3.890431082058236,48.93197567461539,0.32737430167597764,0.5128491620111731,0.6089385474860335,0.44565217391304346,-0.0165495594079364,0.4121,0.4407,0.4051,0.3636,0.3244,0.3265,3.0297727584838867,200.0
nlpaueb/legal-bert-base-uncased,template,random_baseline,0.08684371184371187,3.976626568444461,53.33680234634733,0.28815628815628813,0.4932844932844933,0.6056166056166056,0.17,-0.0017485211659968858,0.2545,0.3667,0.163,0.25,0.29,0.3256,2.9678332805633545,200.0
roberta-base,json,balanced_knowledge,0.23474801061007955,3.566262986609806,35.38411485819954,0.26525198938992045,0.6445623342175066,0.6843501326259946,1.0,0.37049493017258817,1.0,0.875,0.0,0.0,0.2674,0.0,7.598374605178833,200.0
roberta-base,json,high_knowledge,0.24157303370786515,3.6291412462770096,37.680444497335934,0.25842696629213485,0.6235955056179775,0.6601123595505618,0.6666666666666666,0.3749247730783786,0.6667,0.6667,0.0,0.0,0.2614,0.0,7.454019546508789,200.0
roberta-base,json,low_knowledge,0.28378378378378377,3.8137616403803634,45.3205984192265,0.21621621621621623,0.6432432432432432,0.6891891891891891,0.6666666666666666,0.4161489290119995,0.6667,1.0,0.0,0.0,0.2153,0.0256,7.827167749404907,200.0
roberta-base,json,medium_knowledge,0.19651741293532338,3.595096074151274,36.41919876341669,0.3034825870646766,0.6517412935323383,0.7089552238805971,0.5714285714285714,0.350865843054801,0.5714,1.0,0.0,0.0,0.3079,0.0465,7.743259906768799,200.0
roberta-base,json,random_baseline,0.23841961852861038,3.609418610126105,36.944567372352644,0.2615803814713896,0.6239782016348774,0.670299727520436,1.0,0.3703842251925119,1.0,1.0,0.0,0.0,0.263,0.0244,8.195001363754272,200.0
roberta-base,key_value,balanced_knowledge,-0.2748091603053435,1.0883418579564272,2.9693463902019186,0.7748091603053435,0.9007633587786259,0.9122137404580153,0.8709677419354839,-0.30340534748038683,0.72,0.9231,0.0,0.8125,0.8101,0.0,6.284635782241821,200.0
roberta-base,key_value,high_knowledge,-0.23802816901408452,1.3761671047707569,3.9596954065521857,0.7380281690140845,0.8619718309859155,0.8788732394366198,0.7741935483870968,-0.23793812759503175,0.6711,0.7,0.0,0.8333,0.8133,0.0,6.887145519256592,200.0
roberta-base,key_value,low_knowledge,-0.23631840796019898,1.1792144462398522,3.251818720863335,0.736318407960199,0.8955223880597015,0.9154228855721394,0.6363636363636364,-0.27428077006272983,0.5581,1.0,1.0,0.7778,0.7784,0.2,5.344783544540405,200.0
roberta-base,key_value,medium_knowledge,-0.3023255813953488,1.1090987642087853,3.0316249539694424,0.8023255813953488,0.9108527131782945,0.9147286821705426,1.0,-0.3008252063015754,0.7143,1.0,1.0,0.9231,0.8676,0.125,6.74452543258667,200.0
roberta-base,key_value,random_baseline,-0.1762589928057554,1.9031046279645258,6.706683912218864,0.6762589928057554,0.8237410071942446,0.841726618705036,0.6875,-0.19457328977306537,0.5426,1.0,0.0,0.6842,0.7662,0.1,5.787291526794434,200.0
roberta-base,mixed,balanced_knowledge,-0.2340720221606648,1.307144418686818,3.6956055281500464,0.7340720221606648,0.8670360110803325,0.8808864265927978,0.7777777777777778,-0.18528414337278598,0.5818,0.6452,0.0,0.7895,0.8192,0.2,7.2852935791015625,200.0
roberta-base,mixed,high_knowledge,-0.30841121495327106,1.1023197264452271,3.0111429564768346,0.8084112149532711,0.8995327102803738,0.9065420560747663,0.8636363636363636,-0.263220021442263,0.7671,0.6667,0.0,0.8276,0.8515,0.7273,6.937903165817261,200.0
roberta-base,mixed,low_knowledge,-0.25850340136054417,1.4445151847334765,4.239796126577563,0.7585034013605442,0.8741496598639455,0.8741496598639455,0.7894736842105263,-0.1946771414135946,0.6167,0.6667,0.0,0.5,0.7975,0.6875,7.175719976425171,200.0
roberta-base,mixed,medium_knowledge,-0.31899109792284863,0.9399195171496539,2.559775392018795,0.8189910979228486,0.913946587537092,0.9287833827893175,0.5,-0.2540236194778327,0.6727,0.8,1.0,0.7857,0.8561,0.619,6.982156276702881,200.0
roberta-base,mixed,random_baseline,-0.2246376811594203,1.4349603613871131,4.199478543984397,0.7246376811594203,0.8695652173913043,0.8840579710144928,0.6956521739130435,-0.17575049773654994,0.6522,0.6,0.0,0.8095,0.7656,0.5,7.450647830963135,200.0
roberta-base,narrative,balanced_knowledge,-0.1618705035971223,1.8938810330381517,6.645108585987899,0.6618705035971223,0.7841726618705036,0.8201438848920863,0.6086956521739131,-0.2631363263819324,0.5195,0.7879,0.0,0.7143,0.6774,1.0,3.0967583656311035,200.0
roberta-base,narrative,high_knowledge,-0.1763925729442971,2.0523988251056604,7.786557310037599,0.6763925729442971,0.7798408488063661,0.8143236074270557,0.6382978723404256,-0.26121400151572566,0.5849,0.78,0.0,0.7667,0.6748,0.95,3.2546119689941406,200.0
roberta-base,narrative,low_knowledge,-0.21532846715328469,1.5836684808692574,4.872798832131874,0.7153284671532847,0.8467153284671532,0.8759124087591241,0.5652173913043478,-0.33960592380068355,0.5333,0.7857,1.0,0.4444,0.7222,1.0,2.365535259246826,200.0
roberta-base,narrative,medium_knowledge,-0.16863905325443784,1.8671743791276063,6.469988810887412,0.6686390532544378,0.7869822485207101,0.8402366863905325,0.6190476190476191,-0.2684988990848513,0.5455,0.6923,1.0,0.4,0.6786,1.0,2.5573556423187256,200.0
roberta-base,narrative,random_baseline,-0.1974358974358974,1.770363005865119,5.872984902443583,0.6974358974358974,0.8205128205128205,0.8512820512820513,0.5666666666666667,-0.31042463169699747,0.5474,0.7391,0.0,0.5,0.6992,0.7857,2.711524724960327,200.0
roberta-base,template,balanced_knowledge,-0.11333333333333329,2.255265252352886,9.537822904608346,0.6133333333333333,0.7733333333333333,0.7733333333333333,0.3333333333333333,-0.21060182100821667,0.3333,0.6875,0.0,0.0,0.6338,0.0,3.427881956100464,200.0
roberta-base,template,high_knowledge,-0.21153846153846156,2.109247667238868,8.242038196172428,0.7115384615384616,0.8076923076923077,0.8173076923076923,0.25,-0.3007943841277175,0.25,0.9048,0.0,0.0,0.7412,0.0,3.344261646270752,200.0
roberta-base,template,low_knowledge,-0.13291139240506333,2.3655558523957403,10.649956976646163,0.6329113924050633,0.7848101265822784,0.810126582278481,0.5,-0.2378041537991652,0.5,1.0,0.0,0.0,0.6579,0.0,3.4446053504943848,200.0
roberta-base,template,medium_knowledge,-0.18224299065420557,1.8149822829049826,6.140967376378617,0.6822429906542056,0.8317757009345794,0.8598130841121495,1.0,-0.2627778165248523,1.0,0.9444,0.0,0.0,0.6875,0.1818,3.8870980739593506,200.0
roberta-base,template,random_baseline,-0.06989247311827962,2.245372481756657,9.443932594005894,0.5698924731182796,0.7956989247311828,0.8172043010752689,0.42857142857142855,-0.172317907402121,0.4286,0.7143,0.0,0.0,0.6024,0.0,3.377451181411743,200.0
