model,tokenizer,architecture,candidate_status,selection_reason,ordering_score,represented_by,similarity_score
bert-base-uncased,BertTokenizer,BERT Base Encoder,RETAINED,Survives diagnostic redundancy clustering (distinct tokenizer profile) and satisfies candidate availability criteria.,10,,
bert-large-uncased,BertTokenizer,BERT Large Encoder,EXCLUDED_TOKENIZER_DUPLICATE,"Excluded due to identical tokenizer diagnostic profile with bert-base-uncased (cosine similarity 1.00000, identical vocabulary piece splits).",1,bert-base-uncased,1.0
roberta-base,RobertaTokenizer,RoBERTa Base Encoder,RETAINED,Survives diagnostic redundancy clustering (distinct tokenizer profile) and satisfies candidate availability criteria.,5,,
microsoft/deberta-v3-base,DebertaV2Tokenizer,DeBERTa-v3 Base Encoder (Disentangled Attention),EXCLUDED_BENCHMARK_ANOMALY,Excluded after benchmark compatibility anomaly: zero MLM Top-1/Top-5/Top-10 across the evaluated standard cells and English diagnostic.,3,,
answerdotai/ModernBERT-base,TokenizersBackend,ModernBERT Base Encoder,RETAINED,Survives diagnostic redundancy clustering (distinct tokenizer profile) and satisfies candidate availability criteria.,4,,
allenai/scibert_scivocab_uncased,BertTokenizer,SciBERT Base Encoder,RETAINED,Survives diagnostic redundancy clustering (distinct tokenizer profile) and satisfies candidate availability criteria.,7,,
dmis-lab/biobert-base-cased-v1.2,BertTokenizer,BioBERT Base Encoder,RETAINED,Survives diagnostic redundancy clustering (distinct tokenizer profile) and satisfies candidate availability criteria.,9,,
microsoft/BiomedNLP-PubMedBERT-base-uncased-abstract-fulltext,BertTokenizer,PubMedBERT Base Encoder,RETAINED,Survives diagnostic redundancy clustering (distinct tokenizer profile) and satisfies candidate availability criteria.,6,,
emilyalsentzer/Bio_ClinicalBERT,BertTokenizer,ClinicalBERT Base Encoder,EXCLUDED_TOKENIZER_DUPLICATE,"Excluded due to identical tokenizer diagnostic profile with dmis-lab/biobert-base-cased-v1.2 (cosine similarity 1.00000, identical vocabulary piece splits).",1,dmis-lab/biobert-base-cased-v1.2,1.0
nlpaueb/legal-bert-base-uncased,BertTokenizer,Legal-BERT Base Encoder,RETAINED,Survives diagnostic redundancy clustering (distinct tokenizer profile) and satisfies candidate availability criteria.,8,,
ProsusAI/finbert,BertTokenizer,FinBERT Base Encoder,EXCLUDED_TOKENIZER_DUPLICATE,"Excluded due to identical tokenizer diagnostic profile with bert-base-uncased (cosine similarity 1.00000, identical vocabulary piece splits).",1,bert-base-uncased,1.0
anferico/bert-for-patents,Unavailable,BERT for Patents Base Encoder,EXCLUDED_MODEL_UNAVAILABLE,Tokenizer failed to instantiate from pretrained repository in current environment (e.g. missing SentencePiece library or fast tokenizer backend).,1,,
google/electra-base-discriminator,BertTokenizer,ELECTRA Base Discriminator,EXCLUDED_TOKENIZER_DUPLICATE,"Excluded due to identical tokenizer diagnostic profile with bert-base-uncased (cosine similarity 1.00000, identical vocabulary piece splits).",1,bert-base-uncased,1.0
distilbert-base-uncased,BertTokenizer,DistilBERT Base Student,EXCLUDED_TOKENIZER_DUPLICATE,"Excluded due to identical tokenizer diagnostic profile with bert-base-uncased (cosine similarity 1.00000, identical vocabulary piece splits).",1,bert-base-uncased,1.0
