element_id,element_type,label_or_title,paper_file,source_script,source_artifact,primary_metrics,notes
Table 1,Table,Frozen MaritimeBench corpus,paper-version-5/tables/table1_corpus.tex,scripts/09_statistics.py,outputs/stage-09/statistics.json,"Document count, Characters, Word tokens, Vocabulary size, Type-token ratio, Shannon entropy, Near-duplicate rate",Authoritative corpus statistics; near-duplicate rate is 16.76%
Table 2,Table,Leave-one-signal-out ablation over all 96861 documents,paper-version-5/tables/table2_ablation.tex,scripts/16_statistical_analysis.py,"outputs/stage-16/stage16_ablation.csv, outputs/stage-16/stage16_ablation_stability.csv","Spearman rho, Kendall tau, Jaccard overlap, Tier retention",Ablation of Stage 12 Domain Informativeness components
Table 3,Table,Marginal means over the 175 matched configurations,paper-version-5/tables/table3_marginals.tex,scripts/15_cross_model_benchmarking.py,outputs/stage-15/comparison.csv,"Top-1, Top-5, Loss, Rare-T1",Marginal means across 5 representations and 5 subsets
Table 4,Table,Encoder leaderboard over the 25 shared representation/subset cells,paper-version-5/tables/table4_leaderboard.tex,scripts/15_cross_model_benchmarking.py,"outputs/stage-15/leaderboard.csv, outputs/stage-15/stage15_model_profiles.csv","MECS (MUI), Maritime Top-1, Rare Top-1, Loss, Coverage, Fragmentation",Core 7-model leaderboard over 25 matched conditions
Table 5,Table,All 21 paired comparisons over the 25 matched cells,paper-version-5/tables/table5_pairwise.tex,scripts/16_statistical_analysis.py,"outputs/stage-16/stage16_pairwise_tests.csv, outputs/stage-16/stage16_effect_sizes.csv","Mean Difference, 95% Bootstrap CI, Holm-adjusted Wilcoxon p, Cohen dz, Cliff delta",Pairwise tests; 17/21 significant after Holm correction
Table 6,Table,Top-1 accuracy under random 15% masking vs domain-aware masking,paper-version-5/tables/table6_masking.tex,scripts/15_cross_model_benchmarking.py,"outputs/stage-15/masking_comparison.json, outputs/stage-15/comparison.csv","R-15 Top-1, DA-15 Top-1, Delta, R-15 Rare, DA-15 Rare",Compares Random 15% vs Domain-Aware 15% across 4 screened cells
Table 7,Table,DAPT configuration and held-out evaluation,paper-version-5/tables/table7_dapt.tex,scripts/run_maritimebert_dapt_benchmark.py,"dapt/reports/dapt_report.md, dapt/reports/reproducibility_report.md","Loss, Perplexity, Reduction %",Held-out validation on 585 packed sequences (299199 tokens)
Table 8,Table,Independent intrinsic validation on sampled subset,paper-version-5/tables/table8_validation.tex,scripts/run_maritimebert_dapt_benchmark.py,"dapt/outputs/validation_report.md, validation_reports/",Loss, PPL, Top-1, Top-5,Sampled validation subset across 4 models
Figure 1,Figure,MaritimeBench End-to-End Pipeline Workflow,paper-version-5/figures/fig1_workflow.pdf,N/A,paper-version-5/figures/fig1_workflow.pdf,Architecture diagram,Standalone graphic depicting 18-stage pipeline
Figure 2,Figure,Representation and Tokenizer Interaction Effects,paper-version-5/figures/fig2_representation_tokenizer.pdf,scripts/15_cross_model_benchmarking.py,outputs/stage-15/comparison.csv,"Top-1 vs Fragmentation, Representation Bar Chart",Illustrates Model x Representation interaction and fragmentation
Figure 3,Figure,DAPT Loss Curves and Pretraining Convergence,paper-version-5/figures/fig3_dapt.pdf,dapt/scripts/train.py,dapt/reports/dapt_report.md,Training loss vs step,Validation loss every 50 steps
Figure 4,Figure,Intrinsic Validation Distributions,paper-version-5/figures/fig4_validation.pdf,scripts/run_maritimebert_dapt_benchmark.py,dapt/outputs/validation_report.md,Validation loss and Top-1 accuracy,Box plots and metric distributions across models
Equation 1,Equation,Document Composite Informativeness Scoring,paper-version-5/sections/03_methods.tex,scripts/12_semantic_importance.py,config/pipeline_config.yaml,"S_rel, S_info, S_rep, P_red",Corrected formula: 0.25 * (S_rel + S_info + S_rep - P_red)
Equation 2,Equation,Maritime Encoder Composite Score (MECS),paper-version-5/sections/03_methods.tex,scripts/15_cross_model_benchmarking.py,config/pipeline_config.yaml,"Top-1, Rare-T1, NormLoss, FragPenalty, CovBonus",Renamed from MUI to MECS with audited normalization bounds
