issue_id,category,exact_review_wording,affected_stage,affected_file,affected_metric,severity,current_status,required_action,verification_method,final_status
A1,Conceptual,"Top-1 accuracy is not comparable across tokenizers, and this may produce the ""coverage does not predict suitability"" result. With independent 15% subword masking, a heavily fragmenting tokenizer often masks one piece of a maritime term while its sibling pieces stay visible; predicting ""##age"" after ""tonn"" is easy. ModernBERT and RoBERTa, the two byte-level BPE models with the highest fragmentation (about 63 to 65%), are exactly the top two, and the negative coverage/accuracy relationship across n = 7 is what this artifact would predict. The paper acknowledges the multi-piece problem for PLL (citing Kauf and Ivanova) but not for the main MLM metric, which is inconsistent. MLM loss across different vocabularies is also not commensurable, yet it enters MUI. Fix: rerun the leaderboard with whole-word masking and report word-level accuracy, where a term counts as correct only if all its pieces are recovered. If ModernBERT still wins, the paper becomes much stronger.",Stage 14 / Stage 15 / Paper,"scripts/14_mlm_evaluation.py, paper-version-5/","Top-1 Accuracy, MECS (MUI), MLM Loss",CRITICAL,OPEN,Restore legacy Random-15% Subword MLM as PRIMARY benchmark; preserve WWM-15% Strict-Word evaluation as SECONDARY robustness analysis. Transparently document tokenizer fragmentation / sibling subword leakage as formal limitation.,"Dual-benchmark execution, separate cache directories, regression analysis against historical subword results, explicit limitations documentation.",PENDING_PHASE_3
A2,Conceptual,"Cliff’s δ is misinterpreted throughout (Sections 6.4 and 8). δ = 1.00 means every one of the 25 ModernBERT values exceeds every one of the other model’s 25 values (all 625 unpaired pairs). It does not mean ""wins every matched cell"". Likewise, δ = 0.25 against RoBERTa does not mean ""RoBERTa wins a substantial minority of cells"". The table itself shows the mismatch: SciB–BioBERT has pHolm = 1.3×10⁻⁶, which with an exact Wilcoxon at n = 25 implies all 25 paired differences share a sign, yet δ is only 0.40. For paired claims, report the paired win rate (cells won out of 25) or a paired dominance statistic.",Stage 16 / Paper,"scripts/16_statistical_analysis.py, paper-version-5/","Effect size (Cliff's delta), Paired win rate",HIGH,OPEN,"Fix interpretation of Cliff's delta; report exact paired cell win rates (wins out of 25 matched conditions), paired Wilcoxon signed-rank test, and paired rank-biserial effect sizes.","Synthetic toy paired calculation, independent statistical recalculation, verification of 25 paired differences.",PENDING_PHASE_3
A3,Conceptual,"The domain-aware masking explanation contradicts footnote 1. Footnote 1 states that reported Top-1 is already restricted to maritime-vocabulary tokens, so the drop under DA-15 cannot be explained by ""harder maritime tokens versus easier general tokens that dominate a random mask"". The more likely cause is that DA-15 masks domain tokens jointly (adjacent pieces and multi-word terms), removing context. Also, the ranking does change in the DA-rare column: SciBERT (46.84) beats RoBERTa (37.75). ""Ranking does not change"" holds only for Top-1.",Stage 14 / Stage 16 / Paper,"scripts/14_mlm_evaluation.py, paper-version-5/","Domain-Aware 15% Top-1, DA-Rare Top-1",HIGH,OPEN,Reconcile narrative and Footnote 1 with joint-masking context deprivation mechanism; report ranking change in DA-rare (SciBERT beating RoBERTa).,Inspect domain-aware mask selection logic and token classifications; compare DA Top-1 vs DA Rare rankings.,PENDING_PHASE_3
A4,Conceptual,"The PLL token breakdown contradicts the narrative. RoBERTa’s domain-token log-likelihood (−1.64) is better than ModernBERT’s (−1.95), which weakens the claim that ModernBERT’s advantage concentrates on maritime vocabulary. For both models the domain value is higher than the general value, so ""almost as confidently as general tokens"" reads backwards.",Stage 14 / Stage 15 / Paper,"scripts/14_mlm_evaluation.py, paper-version-5/","Sampled PLL, Domain vs General log-likelihood",MEDIUM,OPEN,Correct text narrative to reflect empirical domain token log-likelihood values (-1.64 vs -1.95) and invert the 'almost as confidently' phrasing to acknowledge higher likelihood on domain tokens.,Check raw pll_results.json and recalculate cell-level domain vs general log-likelihood.,PENDING_PHASE_3
A5,Conceptual,"The ""single hash-locked corpus"" claim needs one more step. The frozen corpus is a single serialization, so the five representations must be regenerated from structured records and are not the hashed artifact. Either hash each representation file or state exactly how each derives deterministically from the hashed file. As written, Contribution 1 has a gap.",Stage 08 / Stage 11 / Provenance,"outputs/representation_provenance.json, scripts/generate_provenance.py","Corpus cryptographic hashes, Document counts",MEDIUM,OPEN,Verify and document exact deterministic derivation of all 5 representation files from normalized Stage 07 records; verify SHA-256 hashes of all 5 representations in representation_provenance.json.,SHA-256 hash match against representation files on disk.,PENDING_PHASE_3
A6,Conceptual,"Tokenizer-based screening conflicts with the paper’s own finding. Candidates (including bert-large-uncased) were removed because their tokenizers matched a retained model, and the paper then concludes that tokenizer behaviour does not predict suitability. If tokenizers do not predict suitability, deduplicating by tokenizer is not a sound filter; bert-large shares the tokenizer but has very different capacity. Arithmetic: 13 instantiated minus 7 retained is 6 dropped, but the text says five.",Stage 13 / Paper,"outputs/stage-13/candidate_selection_audit.json, paper-version-5/","Candidate pool count, Dropped count",MEDIUM,OPEN,"Correct pool arithmetic: 13 candidates considered, 12 evaluated, 1 unavailable due to tokenizer load failure (anferico/bert-for-patents), 5 tokenizer duplicates dropped = 6 dropped, 7 retained. Clarify screening rationale as architectural/tokenizer diversity filter rather than suitability prediction.",Cross-check candidate_selection_audit.json and paper narrative.,PENDING_PHASE_3
A7,Conceptual,"Confounds behind ""domain models underperform general ones"". ModernBERT and RoBERTa differ from the other five in pretraining scale, data diversity, recency, casing and tokenizer family at once. With n = 7 the gap cannot be attributed to domain specificity. Soften the Discussion claim (""what transfers is the domain..."") or add controls.",Paper Discussion,paper-version-5/,Domain vs general model transfer claims,MEDIUM,OPEN,"Soften discussion claims regarding domain-specific pretraining underperformance; document multiple confounds (pretraining tokens, recency, casing, architecture) as formal limitations.",Review paper Discussion section for nuanced framing.,PENDING_PHASE_3
A8,Conceptual,"The 25 cells are not independent replicates. They come from a crossed design over shared documents with a single seed, so a Friedman p of 3×10⁻²⁵ overstates the evidence. A variance decomposition or mixed model (encoder × representation, with interaction) would be more honest. Figure 2a shows a large interaction (JSON: ModernBERT 60.6 versus RoBERTa 24.9), so ""representation dominates"" is partly an interaction effect hidden by marginal means.",Stage 16 / Paper,"scripts/16_statistical_analysis.py, paper-version-5/","Friedman p-value, Variance decomposition, Interaction effects",HIGH,OPEN,Implement two-way factorial ANOVA / mixed model (encoder × representation) with interaction; report variance components; acknowledge blocked/crossed experimental dependence.,Crossed ANOVA table generation and independent variance recalculation.,PENDING_PHASE_3
A9,Conceptual,"DAPT evaluation leakage. Only exact duplicates were removed across splits, while 16.76% of documents are near-duplicates. Training uses packing without document-boundary masking. The validation set was monitored every 50 steps, yet it is reported as ""held-out"", and the 4,844-document test split is never used; report on it. A cheap fix for the largest stated limitation: compute loss and accuracy only on slot-value (non-template) tokens, which directly separates scaffold learning from content learning.",Stage 18 / DAPT Pipeline,"dapt/outputs/data/, scripts/run_maritimebert_dapt_benchmark.py","Near-duplicate leakage rate, Test split loss/accuracy, Slot-value accuracy",HIGH,OPEN,"Quantify near-duplicates across splits; evaluate performance on the unused 4,844 test split; evaluate slot-value vs template tokens; generate dapt_leakage_report.json and .md.","MinHash near-duplicate computation, test split evaluation logs, slot-token breakdown.",PENDING_PHASE_3
A10,Conceptual,"""Benchmark-guided"" DAPT is untested. Only one encoder was adapted, so selection regret is unknown. This is cheap to fix: 984 steps on a T4 for RoBERTa and BERT-base takes hours. MARSIS is relational, so free downstream labels exist (occurrence type, vessel type, severity), provided those fields are removed from the input text. Even one downstream task would change how reviewers see the paper.",DAPT / Paper Limitations,"docs/LIMITATIONS.md, paper-version-5/","Selection regret, Downstream task validation",HIGH,OPEN,Explicitly document the selection-regret limitation and absence of extrinsic downstream task evaluation; clarify MaritimeBench's intrinsic scope.,Check docs/LIMITATIONS.md and paper discussion.,PENDING_PHASE_3
B1,Numerical,"B1. MUI for ModernBERT cannot be reproduced from Eq. 2 Using the Table 4 values (T1 = 73.17, R = 73.03, normalized loss L = 0, fragmentation F = 62.99): Term: 0.35 × 73.17 = 25.61; 0.20 × 73.03 = 14.61; 15 × (1 − 0) = 15.00; 0.15 × (100 − 62.99) = 5.55; Subtotal = 60.77; Maximum of 10(1 − O) + 5B = 15.00; Maximum possible MUI = 75.77; Reported MUI = 78.56. All other encoders fall within their feasible range, so the formula, the inputs, or the reported value is wrong for ModernBERT.",Stage 15 / Paper,"scripts/15_cross_model_benchmarking.py, paper-version-5/",MECS (MUI) composite score,CRITICAL,OPEN,"Audit exact inputs, weights, and formula; resolve discrepancy between reported 78.56 and formula upper bound 75.77; recalculate and verify all 7 models against Eq. 2.",Hand-calculated verification script and dual-path code audit.,PENDING_PHASE_3
B2,Numerical,"Three baseline losses for the same model. ModernBERT-base has loss 1.5365 (Table 7) versus 2.6995 (Table 8) on the same validation split. Sampling 5,500 tokens does not explain a 75% loss difference; packed versus unpacked context is the likely cause and should be stated. Also clarify why ModernBERT is 73.17% Top-1 in the benchmark (maritime-token) but 49.15% in Table 8 (all tokens).",Stage 14 / Stage 18 / Paper,"scripts/14_mlm_evaluation.py, paper-version-5/","Baseline MLM loss, Top-1 accuracy domain vs all-tokens",MEDIUM,OPEN,Disclose packed vs unpacked evaluation context differences; explicitly label maritime-token Top-1 (73.17%) vs all-tokens Top-1 (49.15%) to eliminate ambiguity.,Cross-check raw evaluation tables and documentation.,PENDING_PHASE_3
B3,Numerical,"PPPL does not match the reported log-likelihoods. ModernBERT’s domain/general values (−1.95/−2.67) imply a pseudo-perplexity between 7.0 and 14.4, not 18.33. The likely cause is averaging per-cell PPPL (Jensen’s inequality). State the aggregation.",Stage 14 / Stage 15 / Paper,"scripts/14_mlm_evaluation.py, paper-version-5/",Pseudo-Perplexity (PPPL),MEDIUM,OPEN,Explicitly document PPPL aggregation formula; clarify whether PPPL is mean of exp(cell_loss) or exp(mean_loss); note Jensen's inequality effect.,Mathematical calculation comparison across aggregation paths.,PENDING_PHASE_3
B4,Numerical,"Eq. 1 is missing parentheses. It reads ""0.25S_rel + S_info + S_rep − P_red"" but is described as equal weights.",Stage 09 / Stage 10 / Paper,paper-version-5/,Composite scoring Eq. 1,LOW,OPEN,Fix parentheses in equation: 0.25 * (S_rel + S_info + S_rep - P_red).,Verify LaTeX source and documentation.,PENDING_PHASE_3
B5,Numerical,"Wrong concordance statistic. ""Kendall τ"" for concordance across five subsets should be Kendall’s W.",Stage 16 / Paper,"scripts/16_statistical_analysis.py, paper-version-5/",Ranking concordance statistic,MEDIUM,OPEN,Rename and compute Kendall's W for multi-condition concordance across 5 subsets/representations; reserve Kendall's tau for pairwise rank correlation.,Independent calculation of Kendall's W on toy ranking matrix and benchmark rankings.,PENDING_PHASE_3
B6,Numerical,"Mixed tests. Table 5 p-values are Holm-corrected Wilcoxon, but the BERT–LegalB remark cites an uncorrected t-test. Three non-significant pairs have bootstrap CIs excluding zero (SciB–BERT, BERT–BioBERT, BERT–LegalB); note that the CIs are unadjusted.",Stage 16 / Paper,"scripts/16_statistical_analysis.py, paper-version-5/","Pairwise significance p-values, Bootstrap CIs",MEDIUM,OPEN,Standardize text and tables on Holm-corrected Wilcoxon tests; explicitly document that bootstrap confidence intervals are unadjusted for multiple comparisons.,Check p-value reporting in Stage 16 summary tables and narrative.,PENDING_PHASE_3
B7,Numerical,"""Best-covered tokenizer ranks fifth"" holds for Top-1 only. BERT-base is third by MUI, which is how Table 4 is ordered.",Stage 15 / Stage 16 / Paper,paper-version-5/,Model ranking claims,LOW,OPEN,"Clarify claim scope: BERT-base ranks 5th under maritime Top-1, but 3rd under composite MECS.",Verify against Table 4 rankings.,PENDING_PHASE_3
B8,Numerical,"""Holds rank 1 under Pareto analysis"" (Abstract). Not meaningful, since five encoders are non-dominated.",Stage 15 / Paper Abstract,"scripts/15_cross_model_benchmarking.py, paper-version-5/",Pareto dominance,MEDIUM,OPEN,"Correct Pareto terminology: clarify that ModernBERT is on the non-dominated Pareto frontier alongside four other non-dominated encoders, rather than claiming a singular 'rank 1' dominance.",Pareto dominance code test and narrative check.,PENDING_PHASE_3
B9,Numerical,"""Five independent lines"" in the decision rule. They are not independent; all derive from the same Top-1 runs. MUI normalization bounds. The min-max bounds are the observed best and worst losses, so ""fixed before ranking"" is circular.",Stage 15 / Stage 17 / Paper,"scripts/15_cross_model_benchmarking.py, scripts/17_decision_engine.py, paper-version-5/","Decision rule lines, Loss normalization bounds",HIGH,OPEN,"Acknowledge metric dependency in decision rule; establish fixed, cohort-independent loss reference bounds rather than circular empirical min-max bounds.",Inspect decision_rules.json and MECS config.,PENDING_PHASE_3
C1,Presentation,"Stale text embedded in the PDF. The extracted text contains a second, older copy of several passages, apparently baked into the figure files (they look like crops of an earlier full page). These include contradictions such as ""worst-matched"" versus ""among the poorest-matched"" and ""δ = 1.00 against four encoders"" versus ""five"". Plagiarism checkers and reviewers’ tools will pick this up. Re-export figures as standalone graphics.",Paper Figures,paper-version-5/figures/,Embedded figure text,HIGH,OPEN,Re-export all figures as clean standalone vector graphics/images without embedded page fragments.,Text extraction check on figure PDFs.,PENDING_PHASE_3
C2,Presentation,"Rename the ""Maritime Understanding Index"". The paper itself states it is not a measure of understanding.",All Stages / Paper,"scripts/15_cross_model_benchmarking.py, docs/, paper-version-5/",MUI -> MECS terminology,MEDIUM,OPEN,"Rename MUI to MECS (Maritime Encoder Composite Score) across all code, outputs, and documentation.",Grep for 'MUI' across codebase and docs.,PENDING_PHASE_3
C3,Presentation,"""MaritimeBench"" implies tasks. The benchmark is intrinsic-only; consider whether the name invites the wrong expectation.",Paper Intro / Framing,"paper-version-5/, docs/",Benchmark positioning,LOW,OPEN,Explicitly clarify in Introduction/Abstract that MaritimeBench is an intrinsic language modeling and domain representation benchmark.,Text review of Introduction.,PENDING_PHASE_3
C4,Presentation,"Remove internal pipeline artifacts. Stage numbers (""Stage 10"", ""Stage 14""), file paths in every caption (stage-15/comparison.csv) and ""Random-15"" (which clashes with the R-15 masking label) belong in a reproducibility appendix.",Paper Captions & Tables,paper-version-5/,Captions and table labels,MEDIUM,OPEN,Clean pipeline stage numbers and file paths from paper body; move artifact lineages to reproducibility appendix.,Review paper captions and table headers.,PENDING_PHASE_3
C5,Presentation,"Undefined terms. The ""Mixed"" representation, the ""rare"" vocabulary threshold, tier boundaries, and latency conditions (batch size, hardware).",Paper Methods / Docs,"paper-version-5/, docs/",Methodological definitions,MEDIUM,OPEN,"Provide explicit definitions for Mixed representation, rare vocabulary cutoff, tier thresholds, and latency benchmark conditions.",Verify presence of definitions in methods text.,PENDING_PHASE_3
C6,Presentation,Template overlap in the maritime vocabulary. The 335 terms were extracted from the corpus itself and some may sit in template slots. Report the overlap.,Stage 08 / Stage 10 / Paper,"outputs/stage-10/maritime_vocabulary.txt, docs/",Template slot overlap count/percentage,LOW,OPEN,Measure and report exact overlap between the 335 domain vocabulary terms and structured template slot keys.,Script overlap calculation between template keys and vocabulary.,PENDING_PHASE_3
C7,Presentation,"Repository typo. ""TSBC-DAPT-ModenBERT"" should be ""ModernBERT"".",Repository Metadata,"documentation/, scripts/",Model identifier typo,LOW,OPEN,Fix typo across configs and documentation.,Grep search for 'ModenBERT'.,PENDING_PHASE_3
C8,Presentation,"Details to verify. The ""accessed January 2024"" snapshot date, the Kohli et al. (2025) citation, and ModernBERT’s venue (ACL 2025 versus arXiv 2024).",Paper Bibliography,paper-version-5/,Citations and dates,LOW,OPEN,Verify dataset download date and update citations to correct publication venues.,Bibliography review.,PENDING_PHASE_3
C9,Presentation,"Related Work lacks maritime NLP literature. Maritime accident-report text mining is an established area, and reviewers will expect it. Schofield and Mimno (stemmers in topic models) and Gururangan et al. (2022) are tangential to the claims.",Paper Related Work,paper-version-5/,Literature citations,MEDIUM,OPEN,Add citations to maritime NLP and maritime accident investigation text mining literature.,Review paper Related Work section.,PENDING_PHASE_3
C10,Presentation,"Missing journal front matter. Affiliation, corresponding email, keywords, and funding, competing-interest and data-availability statements.",Paper Front Matter,paper-version-5/,Front matter metadata,LOW,OPEN,"Add complete journal front matter, author details, keywords, and formal statements.",Front matter check.,PENDING_PHASE_3
C11,Presentation,"Hyphenation run-ons. Strings such as ""domainplausibility"" and ""informativenessstratified"" may be extraction artifacts; check them in the source. If the work is connected to CAIR/DRDO, obtain publication clearance before submission.",Paper Typography & Clearance,"paper-version-5/, docs/",Text quality and compliance,HIGH,OPEN,Fix hyphenation run-on artifacts in source text; add institutional clearance notice.,Text search for run-on tokens; clearance checklist.,PENDING_PHASE_3
