model_name,selected_for_stage14,vocab_size,subwords_per_word_fertility,single_token_coverage_pct,fragmentation_rate_pct,oov_rate_pct,oov_status,avg_pieces_per_term,median_pieces,p95_pieces,max_pieces,tokenizer_speed_tok_sec
bert-base-uncased,True,30522,1.3977,73.43,26.57,0.0,measured,1.35,1.0,3.0,5,70081.61
dmis-lab/biobert-base-cased-v1.2,True,28996,1.4782,64.48,35.52,0.0,measured,1.48,1.0,3.0,5,72038.53
nlpaueb/legal-bert-base-uncased,True,30522,1.4802,62.09,37.91,0.03,measured,1.51,1.0,3.0,5,71221.56
allenai/scibert_scivocab_uncased,True,31090,1.4509,57.91,42.09,0.0,measured,1.53,1.0,3.0,4,73414.58
microsoft/BiomedNLP-PubMedBERT-base-uncased-abstract-fulltext,True,30522,1.4533,57.31,42.69,0.0,measured,1.59,1.0,3.0,5,68594.69
answerdotai/ModernBERT-base,True,50280,1.5224,36.72,63.28,N/A,not_applicable,1.84,2.0,3.0,5,79251.78
roberta-base,True,50265,1.5596,34.93,65.07,N/A,not_applicable,1.86,2.0,3.0,4,87354.11
microsoft/deberta-v3-base,False,128000,1.4171,78.51,21.49,0.0,measured,1.24,1.0,2.0,3,73589.86
bert-large-uncased,False,30522,1.3977,73.43,26.57,0.0,measured,1.35,1.0,3.0,5,69263.19
ProsusAI/finbert,False,30522,1.3977,73.43,26.57,0.0,measured,1.35,1.0,3.0,5,70303.5
google/electra-base-discriminator,False,30522,1.3977,73.43,26.57,0.0,measured,1.35,1.0,3.0,5,69963.54
distilbert-base-uncased,False,30522,1.3977,73.43,26.57,0.0,measured,1.35,1.0,3.0,5,66554.51
emilyalsentzer/Bio_ClinicalBERT,False,28996,1.4782,64.48,35.52,0.0,measured,1.48,1.0,3.0,5,72446.63
